timestamp,x,y,z,qx,qy,qz,qw
1683821395.231794227,-0.282405,2.6433,0,0,0,0.979745,-0.20025
1683821395.251739007,-0.28273,2.64302,0,0,0,0.979766,-0.200145
1683821395.275501611,-0.282947,2.64283,0,0,0,0.979759,-0.200181
1683821395.301622462,-0.282966,2.64293,0,0,0,0.979719,-0.200377
1683821395.321623788,-0.282775,2.64332,0,0,0,0.979666,-0.200635
1683821395.348976819,-0.282924,2.64288,0,0,0,0.979631,-0.200806
1683821395.381649780,-0.283143,2.64263,0,0,0,0.979662,-0.200656
1683821395.400865716,-0.283187,2.64266,0,0,0,0.979643,-0.200746
1683821395.421589741,-0.282849,2.64291,0,0,0,0.979655,-0.200687
1683821395.452080233,-0.283157,2.64284,0,0,0,0.979673,-0.2006
1683821395.471626351,-0.282833,2.64235,0,0,0,0.979725,-0.200346
1683821395.501633315,-0.283171,2.64273,0,0,0,0.979718,-0.200381
1683821395.531646551,-0.283001,2.64225,0,0,0,0.979735,-0.200299
1683821395.551769318,-0.282987,2.64267,0,0,0,0.979734,-0.200304
1683821395.571633105,-0.282627,2.64257,0,0,0,0.979749,-0.200228
1683821395.601594372,-0.282838,2.64297,0,0,0,0.979712,-0.200409
1683821395.621927511,-0.28286,2.64329,0,0,0,0.979684,-0.200549
1683821395.651738343,-0.282748,2.64326,0,0,0,0.9797,-0.200468
1683821395.681643642,-0.282456,2.64326,0,0,0,0.979707,-0.200433
1683821395.701640519,-0.282663,2.64329,0,0,0,0.979728,-0.200331
1683821395.732051169,-0.282437,2.64332,0,0,0,0.979721,-0.200367
1683821395.751317890,-0.282387,2.64325,0,0,0,0.979762,-0.200165
1683821395.771641237,-0.282692,2.64334,0,0,0,0.979755,-0.200199
1683821395.801623656,-0.282108,2.64366,0,0,0,0.979736,-0.200295
1683821395.824862796,-0.282184,2.64358,0,0,0,0.979729,-0.200329
1683821396.001689038,-0.281548,2.64368,0,0,0,0.979833,-0.199818
1683821396.031628768,-0.280809,2.64402,0,0,0,0.979837,-0.199798
1683821396.051630766,-0.280896,2.64449,0,0,0,0.979858,-0.199697
1683821396.081623489,-0.280922,2.64472,0,0,0,0.979888,-0.199547
1683821396.101638447,-0.280664,2.64479,0,0,0,0.979902,-0.199478
1683821396.131624963,-0.280337,2.64502,0,0,0,0.97992,-0.199392
1683821396.151324427,-0.280403,2.64537,0,0,0,0.979899,-0.199496
1683821396.171643485,-0.280497,2.64531,0,0,0,0.979919,-0.199395
1683821396.201673970,-0.280182,2.64549,0,0,0,0.979931,-0.199339
1683821396.231819048,-0.279779,2.64571,0,0,0,0.979948,-0.199253
1683821396.251907799,-0.27921,2.64591,0,0,0,0.979988,-0.199058
1683821396.281791657,-0.279116,2.64595,0,0,0,0.980018,-0.19891
1683821396.301674228,-0.279409,2.6459,0,0,0,0.980049,-0.198757
1683821396.321644001,-0.279414,2.64606,0,0,0,0.980029,-0.198853
1683821396.351653941,-0.279236,2.64631,0,0,0,0.980029,-0.198855
1683821396.382009839,-0.279515,2.64622,0,0,0,0.980014,-0.198928
1683821396.401714295,-0.279581,2.64619,0,0,0,0.980018,-0.198909
1683821396.431694186,-0.279554,2.64615,0,0,0,0.980026,-0.198871
1683821396.451679511,-0.279197,2.6462,0,0,0,0.980021,-0.198894
1683821396.471673444,-0.279525,2.64569,0,0,0,0.980033,-0.198835
1683821396.501663032,-0.279412,2.64542,0,0,0,0.980058,-0.19871
1683821396.531657772,-0.279731,2.64598,0,0,0,0.980018,-0.198908
1683821396.551391989,-0.279235,2.64611,0,0,0,0.980052,-0.198743
1683821396.581670701,-0.279706,2.64614,0,0,0,0.98002,-0.198898
1683821396.601661690,-0.279101,2.64596,0,0,0,0.980021,-0.198892
1683821396.631650318,-0.279279,2.64575,0,0,0,0.980063,-0.198689
1683821396.651658395,-0.279676,2.64646,0,0,0,0.979983,-0.199082
1683821396.681691728,-0.279513,2.64638,0,0,0,0.979969,-0.19915
1683821396.701674749,-0.279874,2.64584,0,0,0,0.98003,-0.198852
1683821396.731668657,-0.279799,2.64576,0,0,0,0.980019,-0.198903
1683821396.751682750,-0.279714,2.64609,0,0,0,0.979977,-0.199113
1683821396.781677746,-0.279445,2.64608,0,0,0,0.98,-0.198998
1683821396.801689567,-0.279612,2.64652,0,0,0,0.980017,-0.198915
1683821396.831734260,-0.279523,2.64655,0,0,0,0.979993,-0.199032
1683821396.851645984,-0.279037,2.64703,0,0,0,0.979987,-0.199061
1683821396.883204045,-0.279183,2.6464,0,0,0,0.980055,-0.198728
1683821396.901682625,-0.278912,2.64672,0,0,0,0.980078,-0.198615
1683821396.931781623,-0.278792,2.64714,0,0,0,0.980065,-0.198676
1683821396.951340157,-0.279103,2.64682,0,0,0,0.980063,-0.198685
1683821396.971640911,-0.278522,2.64641,0,0,0,0.980075,-0.198625
1683821397.001660291,-0.278667,2.64694,0,0,0,0.98009,-0.198554
1683821397.031642487,-0.278709,2.64712,0,0,0,0.98009,-0.198551
1683821397.051635812,-0.278406,2.64741,0,0,0,0.980066,-0.19867
1683821397.081640280,-0.278601,2.647,0,0,0,0.980055,-0.198727
1683821397.101917994,-0.278593,2.64648,0,0,0,0.980089,-0.198557
1683821397.131659162,-0.278713,2.64734,0,0,0,0.980061,-0.198695
1683821397.151649799,-0.278621,2.64686,0,0,0,0.980124,-0.198387
1683821397.181678139,-0.278723,2.64643,0,0,0,0.980132,-0.198348
1683821397.201683688,-0.279144,2.64621,0,0,0,0.980095,-0.198531
1683821397.231628700,-0.27949,2.64556,0,0,0,0.980066,-0.198674
1683821397.251698666,-0.279649,2.64601,0,0,0,0.980024,-0.198878
1683821397.281647421,-0.279182,2.64626,0,0,0,0.980012,-0.198939
1683821397.301717739,-0.279618,2.64635,0,0,0,0.980022,-0.198888
1683821397.331643422,-0.279436,2.64594,0,0,0,0.980069,-0.198657
1683821397.351346375,-0.279916,2.64585,0,0,0,0.980048,-0.19876
1683821397.381660416,-0.279826,2.64552,0,0,0,0.980041,-0.198797
1683821397.401692814,-0.279814,2.64547,0,0,0,0.980032,-0.19884
1683821397.427925603,-0.27973,2.64572,0,0,0,0.979971,-0.199141
1683821397.451663950,-0.279604,2.64582,0,0,0,0.980027,-0.198865
1683821397.481647042,-0.280173,2.64564,0,0,0,0.980023,-0.198887
1683821397.501666896,-0.279871,2.64569,0,0,0,0.980029,-0.198856
1683821397.531700676,-0.280017,2.64536,0,0,0,0.980021,-0.198895
1683821397.551654513,-0.280112,2.64542,0,0,0,0.980043,-0.198784
1683821397.581687909,-0.279948,2.64519,0,0,0,0.980029,-0.198852
1683821397.601668498,-0.279855,2.64567,0,0,0,0.98002,-0.198897
1683821397.631623941,-0.280157,2.64523,0,0,0,0.980012,-0.198938
1683821397.651683571,-0.280456,2.6455,0,0,0,0.979995,-0.199024
1683821397.681651655,-0.279642,2.64561,0,0,0,0.980018,-0.198911
1683821397.701631732,-0.279989,2.64539,0,0,0,0.980051,-0.198745
1683821397.731644072,-0.279875,2.64596,0,0,0,0.980045,-0.198775
1683821397.751419985,-0.279555,2.64606,0,0,0,0.980036,-0.198819
1683821397.781817324,-0.279619,2.64644,0,0,0,0.980036,-0.19882
1683821397.801728184,-0.279397,2.64601,0,0,0,0.980055,-0.198728
1683821397.831671051,-0.279783,2.6463,0,0,0,0.980025,-0.198873
1683821397.851672600,-0.279735,2.64594,0,0,0,0.980077,-0.198618
1683821397.881650796,-0.279874,2.64554,0,0,0,0.980115,-0.198431
1683821397.901973918,-0.279922,2.64573,0,0,0,0.980059,-0.198706
1683821397.931658765,-0.279849,2.64544,0,0,0,0.980037,-0.198816
1683821397.951692187,-0.279693,2.64543,0,0,0,0.98005,-0.198752
1683821397.981629678,-0.27952,2.64579,0,0,0,0.98002,-0.198901
1683821398.001678492,-0.279382,2.64579,0,0,0,0.980006,-0.198966
1683821398.029425834,-0.279767,2.64592,0,0,0,0.980038,-0.198811
1683821398.051654397,-0.280031,2.64557,0,0,0,0.979946,-0.199263
1683821398.081636272,-0.280732,2.64445,0,0,0,0.979538,-0.201262
1683821398.101704063,-0.281766,2.64311,0,0,0,0.979052,-0.20361
1683821398.131763988,-0.286337,2.63905,0,0,0,0.97837,-0.206863
1683821398.151530045,-0.291069,2.63562,0,0,0,0.977832,-0.209389
1683821398.181726261,-0.299034,2.63082,0,0,0,0.97701,-0.213193
1683821398.201712194,-0.304943,2.62889,0,0,0,0.976331,-0.216284
1683821398.231794359,-0.312498,2.62524,0,0,0,0.975531,-0.21986
1683821398.251691875,-0.319658,2.6204,0,0,0,0.974717,-0.223445
1683821398.281713047,-0.332664,2.61207,0,0,0,0.973159,-0.230133
1683821398.301663492,-0.344906,2.60259,0,0,0,0.971521,-0.236955
1683821398.331735225,-0.36425,2.5879,0,0,0,0.968845,-0.247666
1683821398.351680197,-0.376162,2.57964,0,0,0,0.966629,-0.256182
1683821398.381714458,-0.395928,2.56351,0,0,0,0.963285,-0.268482
1683821398.400969371,-0.409731,2.55242,0,0,0,0.960361,-0.278758
1683821398.431703707,-0.430799,2.53289,0,0,0,0.956077,-0.293116
1683821398.451714280,-0.447848,2.51819,0,0,0,0.952712,-0.303874
1683821398.481694300,-0.471201,2.49431,0,0,0,0.947607,-0.319438
1683821398.501709770,-0.486843,2.47958,0,0,0,0.94365,-0.330944
1683821398.531683133,-0.506694,2.45683,0,0,0,0.938716,-0.344691
1683821398.551478247,-0.521498,2.43938,0,0,0,0.934078,-0.357069
1683821398.581717663,-0.54365,2.41445,0,0,0,0.928555,-0.371194
1683821398.601714316,-0.557583,2.39808,0,0,0,0.925214,-0.379445
1683821398.631702272,-0.576038,2.37648,0,0,0,0.920221,-0.391399
1683821398.651742254,-0.588178,2.36145,0,0,0,0.916378,-0.400314
1683821398.681704097,-0.604235,2.33977,0,0,0,0.911688,-0.410883
1683821398.701689519,-0.616874,2.32438,0,0,0,0.909256,-0.416237
1683821398.731682914,-0.6313,2.30562,0,0,0,0.906451,-0.422311
1683821398.761680598,-0.645403,2.28561,0,0,0,0.904097,-0.427326
1683821398.781727301,-0.657362,2.2725,0,0,0,0.902534,-0.430618
1683821398.801766002,-0.669119,2.25842,0,0,0,0.901148,-0.433512
1683821398.831718598,-0.683897,2.23817,0,0,0,0.899102,-0.43774
1683821398.851682322,-0.694209,2.2239,0,0,0,0.898002,-0.439991
1683821398.881759176,-0.708323,2.20453,0,0,0,0.895917,-0.444222
1683821398.901744725,-0.719133,2.19282,0,0,0,0.89534,-0.445383
1683821398.931736265,-0.731883,2.17238,0,0,0,0.894052,-0.447964
1683821398.951361200,-0.742676,2.1581,0,0,0,0.893432,-0.449198
1683821398.981705705,-0.756627,2.13561,0,0,0,0.892236,-0.451569
1683821399.001791608,-0.767072,2.12004,0,0,0,0.891105,-0.453798
1683821399.031686155,-0.780187,2.09855,0,0,0,0.889492,-0.456951
1683821399.051671384,-0.790291,2.08147,0,0,0,0.889239,-0.457443
1683821399.081706124,-0.803753,2.05941,0,0,0,0.887133,-0.461513
1683821399.101759483,-0.813124,2.04559,0,0,0,0.887059,-0.461657
1683821399.131715918,-0.826005,2.02561,0,0,0,0.884964,-0.465659
1683821399.151685563,-0.836368,2.01183,0,0,0,0.883886,-0.467702
1683821399.181700431,-0.848971,1.98866,0,0,0,0.881535,-0.472119
1683821399.201692220,-0.858568,1.97434,0,0,0,0.880882,-0.473337
1683821399.231807922,-0.869755,1.9541,0,0,0,0.87899,-0.47684
1683821399.261696164,-0.881678,1.9318,0,0,0,0.875602,-0.483033
1683821399.281746227,-0.890847,1.91459,0,0,0,0.873397,-0.487009
1683821399.302720048,-0.899692,1.89494,0,0,0,0.871051,-0.491193
1683821399.331739476,-0.912154,1.87165,0,0,0,0.866825,-0.498613
1683821399.351418716,-0.921022,1.85397,0,0,0,-0.864567,0.502517
1683821399.381901656,-0.93101,1.83158,0,0,0,-0.859843,0.510558
1683821399.411730665,-0.939575,1.80831,0,0,0,-0.854889,0.518811
1683821399.431712822,-0.946013,1.79266,0,0,0,-0.852109,0.523364
1683821399.451700196,-0.951639,1.78039,0,0,0,-0.849933,0.52689
1683821399.481702232,-0.956587,1.77104,0,0,0,-0.8485,0.529195
1683821399.503148637,-0.960606,1.76851,0,0,0,-0.847048,0.531517
1683821399.531757050,-0.963567,1.76194,0,0,0,-0.844719,0.53521
1683821399.561708717,-0.966799,1.75238,0,0,0,-0.841251,0.540644
1683821399.601813866,-0.973794,1.73282,0,0,0,-0.839074,0.544017
1683821399.631769885,-0.981098,1.70263,0,0,0,-0.835314,0.549773
1683821399.661736945,-0.989929,1.66548,0,0,0,-0.830543,0.556955
1683821399.681710622,-0.997469,1.64485,0,0,0,-0.828647,0.559772
1683821399.701708555,-1.00442,1.62518,0,0,0,-0.827298,0.561764
1683821399.731699263,-1.01126,1.59834,0,0,0,-0.823484,0.56734
1683821399.761378061,-1.01715,1.57483,0,0,0,-0.820144,0.572157
1683821399.781723297,-1.02247,1.56015,0,0,0,-0.815996,0.578057
1683821399.831709570,-1.03096,1.51663,0,0,0,-0.802041,0.597269
1683821399.881710275,-1.03987,1.46059,0,0,0,-0.783789,0.621028
1683821399.911948731,-1.04099,1.42846,0,0,0,-0.7738,0.63343
1683821399.931749925,-1.04344,1.39903,0,0,0,-0.763978,0.645243
1683821399.961718713,-1.04614,1.35125,0,0,0,-0.749103,0.662453
1683821399.981782119,-1.04732,1.3244,0,0,0,-0.737913,0.674896
1683821400.011705434,-1.04707,1.2828,0,0,0,-0.721545,0.692368
1683821400.031703656,-1.04539,1.25576,0,0,0,-0.709558,0.704646
1683821400.061729500,-1.04199,1.21084,0,0,0,-0.691836,0.722055
1683821400.082017390,-1.03959,1.18253,0,0,0,-0.679015,0.734124
1683821400.111703165,-1.03151,1.14418,0,0,0,-0.664162,0.747589
1683821400.131695434,-1.02661,1.11646,0,0,0,-0.650075,0.75987
1683821400.161417306,-1.01841,1.07545,0,0,0,-0.630712,0.776017
1683821400.181697964,-1.01178,1.04957,0,0,0,-0.616619,0.787262
1683821400.211715648,-1.00456,1.02716,0,0,0,-0.602171,0.798368
1683821400.261761379,-0.987021,0.990887,0,0,0,-0.576153,0.817342
1683821400.311751588,-0.956064,0.931102,0,0,0,-0.542059,0.84034
1683821400.331707409,-0.940976,0.907309,0,0,0,-0.527002,0.849864
1683821400.361755078,-0.922385,0.88003,0,0,0,-0.509726,0.860337
1683821400.381766131,-0.906823,0.857373,0,0,0,-0.49468,0.869075
1683821400.411746599,-0.879534,0.82122,0,0,0,-0.475125,0.879918
1683821400.431710740,-0.859813,0.799534,0,0,0,-0.461498,0.887141
1683821400.461723496,-0.83323,0.768408,0,0,0,-0.444029,0.896012
1683821400.481725174,-0.816512,0.751186,0,0,0,-0.430636,0.902525
1683821400.511759722,-0.793674,0.724484,0,0,0,-0.410886,0.911687
1683821400.531701495,-0.774782,0.70914,0,0,0,-0.398299,0.917256
1683821400.553105052,-0.757024,0.694622,0,0,0,-0.384299,0.923209
1683821400.581703832,-0.738182,0.678678,0,0,0,-0.369569,0.929203
1683821400.611710797,-0.7223,0.670566,0,0,0,-0.361563,0.932348
1683821400.661709454,-0.681503,0.643908,0,0,0,-0.336894,0.941542
1683821400.681763997,-0.662797,0.632131,0,0,0,-0.324446,0.945904
1683821400.711690735,-0.638827,0.616494,0,0,0,-0.309765,0.950813
1683821400.731704093,-0.622675,0.609614,0,0,0,-0.299067,0.954232
1683821400.761707825,-0.598046,0.5963,0,0,0,-0.288446,0.957496
1683821400.781739647,-0.581572,0.5904,0,0,0,-0.279277,0.960211
1683821400.811803924,-0.557205,0.577454,0,0,0,-0.268596,0.963253
1683821400.831726881,-0.537191,0.567464,0,0,0,-0.258464,0.966021
1683821400.861738005,-0.509251,0.551834,0,0,0,-0.245665,0.969355
1683821400.881723298,-0.488438,0.542401,0,0,0,-0.236974,0.971516
1683821400.931771812,-0.44693,0.522502,0,0,0,-0.224569,0.974458
1683821400.981740805,-0.414578,0.50582,0,0,0,-0.216474,0.976288
1683821401.031715847,-0.37689,0.48863,0,0,0,-0.217519,0.976056
1683821401.061771676,-0.358533,0.485634,0,0,0,-0.221634,0.97513
1683821401.111765501,-0.316568,0.465406,0,0,0,-0.226419,0.97403
1683821401.131719914,-0.299027,0.455484,0,0,0,-0.229449,0.973321
1683821401.161728254,-0.274031,0.440665,0,0,0,-0.232647,0.972561
1683821401.181786157,-0.253105,0.429905,0,0,0,-0.236683,0.971587
1683821401.211144086,-0.227622,0.412505,0,0,0,-0.23774,0.971329
1683821401.258471275,-0.174257,0.380419,0,0,0,-0.248678,0.968586
1683821401.311726691,-0.125786,0.344256,0,0,0,-0.268569,0.963261
1683821401.381754867,-0.0648759,0.29134,0,0,0,-0.320571,0.947224
1683821401.411745863,-0.0421059,0.268592,0,0,0,-0.337907,0.941179
1683821401.431746932,-0.0260593,0.251573,0,0,0,-0.355417,0.934708
1683821401.461742536,-0.0089107,0.231421,0,0,0,-0.37224,0.928137
1683821401.481719605,0.00529944,0.214581,0,0,0,-0.386735,0.922191
1683821401.511738378,0.0203685,0.195383,0,0,0,-0.40232,0.915499
1683821401.531762520,0.0308519,0.182986,0,0,0,-0.419605,0.907707
1683821401.561759404,0.0448084,0.161977,0,0,0,-0.432761,0.901509
1683821401.581784474,0.0554738,0.146667,0,0,0,-0.445737,0.895164
1683821401.611760814,0.0675329,0.125665,0,0,0,-0.45667,0.889636
1683821401.631926590,0.0750308,0.114076,0,0,0,-0.470959,0.882155
1683821401.661747823,0.0809543,0.101039,0,0,0,-0.48568,0.874136
1683821401.682023297,0.0865032,0.0904548,0,0,0,-0.496384,0.868103
1683821401.731766590,0.10098,0.0593606,0,0,0,-0.518419,0.855127
1683821401.781775328,0.116915,0.0156287,0,0,0,-0.528516,0.848923
1683821401.831836675,0.136545,-0.0397569,0,0,0,-0.53358,0.84575
1683821401.861764886,0.142603,-0.0563787,0,0,0,-0.542977,0.839747
1683821401.981730374,0.231791,-0.230018,0,0,0,-0.492186,0.87049
1683821402.031911563,0.245608,-0.242142,0,0,0,-0.506013,0.862526
1683821402.231759055,0.407645,-0.432606,0,0,0,-0.377519,0.926002
1683821402.361750951,0.578942,-0.528931,0,0,0,-0.275833,0.961206
1683821402.411726536,0.650775,-0.550746,0,0,0,-0.240188,0.970726
1683821402.461918605,0.713993,-0.56817,0,0,0,-0.206061,0.978539
1683821402.511782765,0.776898,-0.584416,0,0,0,-0.174519,0.984654
1683821402.561418344,0.83376,-0.593361,0,0,0,-0.141896,0.989882
1683821402.611747440,0.888417,-0.600709,0,0,0,-0.1085,0.994096
1683821402.641744292,0.922272,-0.603555,0,0,0,-0.0881304,0.996109
1683821402.681784704,0.971341,-0.603277,0,0,0,-0.0634052,0.997988
1683821402.711735507,0.99963,-0.602418,0,0,0,-0.0517096,0.998662
1683821402.741758632,1.02454,-0.601219,0,0,0,-0.0365066,0.999333
1683821402.761786294,1.03452,-0.595784,0,0,0,-0.0326874,0.999465
1683821402.791760009,1.05676,-0.594211,0,0,0,-0.0192324,0.999815
1683821402.831786149,1.09104,-0.588839,0,0,0,-0.000950692,0.999999
1683821402.861789081,1.11935,-0.58765,0,0,0,0.0131376,0.999914
1683821402.891783565,1.1405,-0.583454,0,0,0,0.0215938,0.999767
1683821402.961429335,1.20737,-0.581428,0,0,0,0.0563555,0.998411
1683821402.991764816,1.23163,-0.577461,0,0,0,0.067454,0.997722
1683821403.011854976,1.24157,-0.571088,0,0,0,0.0709339,0.997481
1683821403.041752114,1.26201,-0.572215,0,0,0,0.0826465,0.996579
1683821403.091753172,1.30118,-0.560067,0,0,0,0.100086,0.994979
1683821403.211760933,1.40134,-0.524701,0,0,0,0.123929,0.992291
1683821403.341783358,1.50979,-0.494584,0,0,0,0.116418,0.9932
1683821403.441772033,1.63303,-0.481445,0,0,0,0.0811352,0.996703
1683821403.461758671,1.66444,-0.477259,0,0,0,0.0725142,0.997367
1683821403.511795793,1.7426,-0.473386,0,0,0,0.0603278,0.998179
1683821403.561761682,1.82697,-0.465545,0,0,0,0.0541509,0.998533
1683821403.641789321,1.95569,-0.457199,0,0,0,0.0528967,0.9986
1683821403.811803548,2.27782,-0.375655,0,0,0,0.162029,0.986786
1683821403.961766561,2.49843,-0.227959,0,0,0,0.299412,0.954124
1683821404.041803416,2.59664,-0.13362,0,0,0,0.367319,0.930095
1683821404.111789864,2.67444,-0.0275882,0,0,0,0.411272,0.911513
1683821404.185266417,2.73787,0.0730526,0,0,0,0.431663,0.902035
1683821404.212145617,2.76463,0.109863,0,0,0,0.43962,0.898184
1683821404.241788352,2.78383,0.146216,0,0,0,0.438225,0.898865
1683821404.339607359,2.89093,0.302628,0,0,0,0.453896,0.891055
1683821404.361790097,2.91966,0.340553,0,0,0,0.462814,0.886455
1683821404.411998455,2.97606,0.406072,0,0,0,0.477607,0.878573
1683821404.491753033,3.05713,0.515342,0,0,0,0.486224,0.873834
1683821404.591764333,3.17362,0.657404,0,0,0,0.493245,0.869891
1683821404.661774269,3.23898,0.775105,0,0,0,0.513408,0.858145
1683821404.711768063,3.27864,0.850739,0,0,0,0.537696,0.843139
1683821404.761788097,3.31366,0.93625,0,0,0,0.563185,0.826331
1683821404.791782037,3.33354,0.983663,0,0,0,0.577631,0.816298
1683821404.811889765,3.3478,1.02111,0,0,0,0.589634,0.80767
1683821404.862032969,3.37241,1.10741,0,0,0,0.614725,0.788742
1683821404.891773465,3.37921,1.14912,0,0,0,0.626426,0.779481
1683821404.912048459,3.38544,1.18841,0,0,0,0.636557,0.77123
1683821404.941860349,3.39151,1.23428,0,0,0,0.649717,0.760177
1683821404.961462020,3.39696,1.27606,0,0,0,0.659763,0.751474
1683821404.991767805,3.4029,1.31599,0,0,0,0.67147,0.741032
1683821405.041957986,3.40273,1.39382,0,0,0,0.692124,0.721779
1683821405.091803970,3.40008,1.48081,0,0,0,0.716426,0.697663
1683821405.161771441,3.38613,1.63155,0,0,0,0.757146,0.653245
1683821405.212005303,3.35833,1.73646,0,0,0,0.785659,0.61866
1683821405.271789980,3.32085,1.82985,0,0,0,0.81143,0.58445
1683821405.341838637,3.25508,1.96369,0,0,0,0.851381,0.524548
1683821405.361531989,3.22988,2.00269,0,0,0,0.864564,0.502523
1683821405.392266998,3.19258,2.05885,0,0,0,0.877762,0.479096
1683821405.441859217,3.14094,2.12095,0,0,0,0.896324,0.4434
1683821405.471786500,3.10394,2.1572,0,0,0,0.904089,0.427345
1683821405.512122053,3.0515,2.20031,0,0,0,0.912641,0.408762
1683821405.591804887,2.9658,2.29761,0,0,0,0.921259,0.38895
1683821405.641800505,2.90021,2.36659,0,0,0,0.921441,0.388519
1683821405.691909948,2.81384,2.46145,0,0,0,0.923422,0.383785
1683821405.741788413,2.70347,2.56292,0,0,0,0.925197,0.379487
1683821405.821791283,2.47118,2.73705,0,0,0,0.940572,0.339594
1683821405.921838232,2.18805,2.9221,0,0,0,0.970715,0.240233
1683821406.041805673,1.89754,3.01241,0,0,0,0.993625,0.112737
1683821406.092053552,1.80411,3.02553,0,0,0,0.997491,0.0707961
1683821406.121827680,1.76039,3.02932,0,0,0,0.998741,0.0501677
1683821406.172121671,1.66148,3.03377,0,0,0,0.999912,0.0132602
1683821406.272179917,1.45721,3.03071,0,0,0,0.999884,-0.0152137
1683821406.389520594,1.23825,3.03327,0,0,0,0.999943,0.0106379
1683821406.471840976,1.09923,3.0424,0,0,0,0.999526,0.0307778
1683821406.541835584,0.981665,3.05545,0,0,0,0.998698,0.0510069
1683821406.641814052,0.824412,3.06211,0,0,0,0.999771,0.0213956
1683821406.741849033,0.684176,3.05263,0,0,0,0.999583,-0.028862
1683821406.772118594,0.647914,3.04784,0,0,0,0.99915,-0.0412194
1683821406.791956621,0.611753,3.04444,0,0,0,0.998671,-0.0515441
1683821406.841824525,0.548235,3.03411,0,0,0,0.997532,-0.070215
1683821406.891816943,0.475009,3.01851,0,0,0,0.996725,-0.0808655
1683821406.941904466,0.408906,3.00456,0,0,0,0.996592,-0.0824931
1683821406.971822565,0.370766,2.99566,0,0,0,0.996579,-0.0826499
1683821406.991779058,0.341011,2.99165,0,0,0,0.996654,-0.081741
1683821407.021810087,0.304179,2.98693,0,0,0,0.996424,-0.0844996
1683821407.041871126,0.274844,2.98128,0,0,0,0.996428,-0.0844474
1683821407.071811978,0.236456,2.9733,0,0,0,0.996057,-0.0887098
1683821407.091852440,0.210008,2.96778,0,0,0,0.996039,-0.0889183
1683821407.121876141,0.175787,2.96038,0,0,0,0.995574,-0.093979
1683821407.141844634,0.149374,2.95386,0,0,0,0.995629,-0.0933944
1683821407.171812142,0.118244,2.94699,0,0,0,0.995207,-0.0977923
1683821407.191822588,0.0916478,2.93984,0,0,0,0.994844,-0.101419
1683821407.221834993,0.0558337,2.93041,0,0,0,0.994175,-0.107781
1683821407.241823743,0.0290229,2.92255,0,0,0,0.993933,-0.10999
1683821407.271816435,-0.00805481,2.91001,0,0,0,0.99304,-0.11778
1683821407.302299568,-0.0432686,2.89659,0,0,0,0.992003,-0.126215
1683821407.321815445,-0.063307,2.89299,0,0,0,0.991741,-0.128254
1683821407.339662207,-0.0826683,2.88804,0,0,0,0.991567,-0.129597
1683821407.371825784,-0.117593,2.87295,0,0,0,0.990325,-0.138769
1683821407.391820741,-0.147622,2.86195,0,0,0,0.989572,-0.144042
1683821407.421832218,-0.185024,2.84653,0,0,0,0.9883,-0.15252
1683821407.471818364,-0.245147,2.81732,0,0,0,0.985857,-0.167589
1683821407.491780233,-0.263958,2.80749,0,0,0,0.984444,-0.175699
1683821407.541817868,-0.317459,2.77585,0,0,0,0.97919,-0.202946
1683821407.571913282,-0.350699,2.75905,0,0,0,0.975544,-0.219804
1683821407.601805685,-0.379975,2.73741,0,0,0,0.971143,-0.238499
1683821407.621836547,-0.398222,2.72453,0,0,0,0.96783,-0.251606
1683821407.651890873,-0.428565,2.70137,0,0,0,0.963224,-0.2687
1683821407.671845126,-0.448555,2.68505,0,0,0,0.959671,-0.281124
1683821407.691835667,-0.468792,2.66633,0,0,0,0.955907,-0.29367
1683821407.721881897,-0.492502,2.6409,0,0,0,0.950948,-0.309349
1683821407.741851958,-0.507036,2.62138,0,0,0,0.947462,-0.319869
1683821407.771843018,-0.528629,2.59553,0,0,0,0.941992,-0.335635
1683821407.801900160,-0.551412,2.56375,0,0,0,0.936114,-0.351697
1683821407.821922734,-0.559475,2.56702,0,0,0,0.930484,-0.366332
1683821407.891896925,-0.596907,2.51942,0,0,0,0.918921,-0.394442
1683821407.951822981,-0.62599,2.47283,0,0,0,0.911519,-0.411258
1683821408.021833910,-0.669623,2.41275,0,0,0,0.907992,-0.418987
1683821408.041845092,-0.683245,2.39147,0,0,0,0.907056,-0.42101
1683821408.071846520,-0.700395,2.36729,0,0,0,0.906,-0.423278
1683821408.091873350,-0.711985,2.34917,0,0,0,0.905166,-0.425058
1683821408.121869563,-0.727616,2.32385,0,0,0,0.903954,-0.427631
1683821408.151822735,-0.740416,2.29965,0,0,0,0.903048,-0.42954
1683821408.172013216,-0.751191,2.28477,0,0,0,0.90203,-0.431674
1683821408.201831281,-0.764984,2.25323,0,0,0,0.905418,-0.424521
1683821408.241821325,-0.78943,2.22395,0,0,0,0.902618,-0.430442
1683821408.271856354,-0.804899,2.20348,0,0,0,0.900305,-0.43526
1683821408.301873271,-0.818945,2.18006,0,0,0,0.899718,-0.436472
1683821408.321869029,-0.829826,2.16503,0,0,0,0.899182,-0.437575
1683821408.351871513,-0.842895,2.14376,0,0,0,0.897285,-0.441451
1683821408.371956040,-0.849372,2.12759,0,0,0,0.89608,-0.443893
1683821408.390940453,-0.858449,2.11426,0,0,0,0.89463,-0.446807
1683821408.421866825,-0.883307,2.05681,0,0,0,0.889719,-0.456509
1683821408.501851776,-0.920143,1.9936,0,0,0,0.881162,-0.472815
1683821408.525409193,-0.93079,1.97197,0,0,0,0.877653,-0.479296
1683821408.541920829,-0.939591,1.95634,0,0,0,0.876078,-0.48217
1683821408.571838064,-0.95103,1.9289,0,0,0,0.871037,-0.491218
1683821408.601828548,-0.960514,1.90897,0,0,0,0.866953,-0.49839
1683821408.621866163,-0.967091,1.8098,0,0,0,-0.852261,0.523119
1683821408.771890170,-0.983025,1.783,0,0,0,-0.848076,0.529874
1683821408.821864124,-0.989134,1.75931,0,0,0,-0.845493,0.533988
1683821408.851889393,-0.993829,1.73991,0,0,0,-0.841786,0.539811
1683821408.871826942,-0.997395,1.72794,0,0,0,-0.83953,0.543313
1683821408.891869997,-1.00083,1.71304,0,0,0,-0.836767,0.547559
1683821408.921851329,-1.00715,1.68865,0,0,0,-0.831236,0.55592
1683821408.951823125,-1.01244,1.6651,0,0,0,-0.825017,0.565108
1683821408.971829507,-1.01683,1.64884,0,0,0,-0.818981,0.573821
1683821409.001847032,-1.02209,1.62208,0,0,0,-0.810046,0.586366
1683821409.021881190,-1.02724,1.60208,0,0,0,-0.802812,0.596232
1683821409.051879579,-1.03091,1.57092,0,0,0,-0.792916,0.60933
1683821409.072021291,-1.03288,1.55002,0,0,0,-0.784296,0.620387
1683821409.101833949,-1.03608,1.51497,0,0,0,-0.772304,0.635253
1683821409.121855307,-1.03763,1.48805,0,0,0,-0.763305,0.646038
1683821409.151846751,-1.0384,1.45021,0,0,0,-0.751489,0.659745
1683821409.171839629,-1.03921,1.4269,0,0,0,-0.740774,0.671755
1683821409.201836610,-1.03695,1.38452,0,0,0,-0.726796,0.686854
1683821409.222000786,-1.03544,1.35459,0,0,0,-0.71452,0.699615
1683821409.251849924,-1.03038,1.3133,0,0,0,-0.698653,0.715461
1683821409.271829298,-1.02687,1.28503,0,0,0,-0.685036,0.72851
1683821409.301841575,-1.01859,1.23931,0,0,0,-0.666852,0.745191
1683821409.321869653,-1.01178,1.20434,0,0,0,-0.652395,0.75788
1683821409.351947531,-0.996614,1.15185,0,0,0,-0.633782,0.773512
1683821409.371881944,-0.987863,1.1239,0,0,0,-0.619695,0.784843
1683821409.401844108,-0.970348,1.07454,0,0,0,-0.599013,0.800739
1683821409.421888218,-0.957336,1.0462,0,0,0,-0.583619,0.812028
1683821409.451843086,-0.938557,1.00639,0,0,0,-0.563327,0.826234
1683821409.472648298,-0.924948,0.982359,0,0,0,-0.547046,0.837103
1683821409.501969235,-0.906014,0.94919,0,0,0,-0.527012,0.849858
1683821409.523584572,-0.890038,0.923187,0,0,0,-0.50854,0.861038
1683821409.552028950,-0.871393,0.898517,0,0,0,-0.491599,0.870822
1683821409.571876354,-0.853685,0.879853,0,0,0,-0.476145,0.879367
1683821409.601904247,-0.832236,0.854836,0,0,0,-0.458722,0.88858
1683821409.621903877,-0.814479,0.837096,0,0,0,-0.444241,0.895907
1683821409.652287488,-0.794068,0.818644,0,0,0,-0.429012,0.903299
1683821409.703687706,-0.744626,0.769584,0,0,0,-0.39074,0.920501
1683821409.721975627,-0.724837,0.754281,0,0,0,-0.375367,0.926876
1683821409.751950079,-0.69315,0.725641,0,0,0,-0.35465,0.934999
1683821409.771991662,-0.669202,0.712919,0,0,0,-0.341666,0.939821
1683821409.801948578,-0.644278,0.695852,0,0,0,-0.324991,0.945717
1683821409.822104754,-0.62615,0.686456,0,0,0,-0.311947,0.950099
1683821409.871901521,-0.569061,0.654035,0,0,0,-0.279578,0.960123
1683821409.951893896,-0.494086,0.617282,0,0,0,-0.255633,0.966774
1683821410.021833624,-0.432536,0.584288,0,0,0,-0.238141,0.971231
1683821410.071875995,-0.394033,0.561842,0,0,0,-0.235599,0.97185
1683821410.121874045,-0.349717,0.539663,0,0,0,-0.240284,0.970702
1683821410.151860946,-0.332764,0.530718,0,0,0,-0.242368,0.970184
1683821410.171862240,-0.322555,0.524745,0,0,0,-0.242483,0.970156
1683821410.221876195,-0.283519,0.502277,0,0,0,-0.25197,0.967735
1683821410.251855991,-0.269559,0.492241,0,0,0,-0.254383,0.967103
1683821410.271964391,-0.255623,0.483877,0,0,0,-0.260005,0.965607
1683821410.321842887,-0.197669,0.442943,0,0,0,-0.267958,0.96343
1683821410.401867711,-0.117492,0.38114,0,0,0,-0.293855,0.95585
1683821410.471843087,-0.0478531,0.320971,0,0,0,-0.326673,0.945137
1683821410.521903507,-0.00991096,0.280484,0,0,0,-0.359253,0.93324
1683821410.551865287,0.00845698,0.256737,0,0,0,-0.379063,0.925371
1683821410.571860629,0.0217972,0.241084,0,0,0,-0.396217,0.918157
1683821410.601870185,0.0374948,0.218962,0,0,0,-0.413372,0.910562
1683821410.621899992,0.0487892,0.204344,0,0,0,-0.428546,0.90352
1683821410.651863916,0.0652818,0.178112,0,0,0,-0.445309,0.895377
1683821410.671873754,0.0777965,0.156794,0,0,0,-0.462486,0.886627
1683821410.701861519,0.0933552,0.134732,0,0,0,-0.478255,0.878221
1683821410.721976478,0.103365,0.115976,0,0,0,-0.488089,0.872794
1683821410.751860081,0.114276,0.0926976,0,0,0,-0.499434,0.866352
1683821410.771865023,0.116462,0.0850357,0,0,0,-0.515801,0.856709
1683821410.801901652,0.120302,0.0701031,0,0,0,-0.527356,0.849645
1683821410.851937848,0.126482,0.0504097,0,0,0,-0.543378,0.839488
1683821410.921948104,0.131126,0.037501,0,0,0,-0.551556,0.834138
1683821410.952275106,0.132563,0.0339257,0,0,0,-0.551953,0.833875
1683821410.981886929,0.134359,0.0252595,0,0,0,-0.550942,0.834544
1683821411.001867742,0.137002,0.0198304,0,0,0,-0.550965,0.834528
1683821411.021871308,0.141455,0.0110956,0,0,0,-0.551677,0.834058
1683821411.051873249,0.143928,0.00382455,0,0,0,-0.55236,0.833606
1683821411.071885167,0.149732,-0.00625678,0,0,0,-0.554446,0.83222
1683821411.101862180,0.157771,-0.0238618,0,0,0,-0.553991,0.832523
1683821411.131869273,0.170854,-0.05708,0,0,0,-0.549262,0.83565
1683821411.152429872,0.178883,-0.0773111,0,0,0,-0.549374,0.835577
1683821411.202031308,0.197492,-0.121538,0,0,0,-0.547369,0.836891
1683821411.281883329,0.246388,-0.21556,0,0,0,-0.522705,0.852514
1683821411.351883730,0.311058,-0.302626,0,0,0,-0.47932,0.87764
1683821411.401881876,0.360888,-0.358837,0,0,0,-0.443999,0.896027
1683821411.452001145,0.41908,-0.415001,0,0,0,-0.40181,0.915723
1683821411.481920556,0.456928,-0.445252,0,0,0,-0.377612,0.925964
1683821411.501889370,0.482324,-0.463315,0,0,0,-0.360143,0.932897
1683821411.531870670,0.519119,-0.487612,0,0,0,-0.336872,0.94155
1683821411.552130528,0.547139,-0.504626,0,0,0,-0.319097,0.947722
1683821411.581910578,0.590843,-0.52538,0,0,0,-0.296921,0.954902
1683821411.601892159,0.620183,-0.53946,0,0,0,-0.279344,0.960191
1683821411.631905460,0.659228,-0.556607,0,0,0,-0.257427,0.966298
1683821411.651904130,0.687359,-0.568401,0,0,0,-0.240716,0.970596
1683821411.681909367,0.724672,-0.585342,0,0,0,-0.216894,0.976195
1683821411.701861316,0.749582,-0.593022,0,0,0,-0.201109,0.979569
1683821411.732053404,0.785697,-0.603876,0,0,0,-0.180452,0.983584
1683821411.751882919,0.806698,-0.607675,0,0,0,-0.167326,0.985902
1683821411.781870236,0.838721,-0.61604,0,0,0,-0.147878,0.989006
1683821411.802024684,0.86464,-0.619297,0,0,0,-0.1338,0.991008
1683821411.831888735,0.896953,-0.623988,0,0,0,-0.119732,0.992806
1683821411.852332468,0.92397,-0.626551,0,0,0,-0.107848,0.994167
1683821411.902320759,0.979385,-0.630786,0,0,0,-0.0769456,0.997035
1683821411.922286116,1.00096,-0.63146,0,0,0,-0.0640343,0.997948
1683821411.951873586,1.03103,-0.629981,0,0,0,-0.0469249,0.998898
1683821411.981904007,1.05115,-0.630026,0,0,0,-0.0358893,0.999356
1683821412.001904917,1.07433,-0.62985,0,0,0,-0.0213339,0.999772
1683821412.031927178,1.10336,-0.628538,0,0,0,-0.00709785,0.999975
1683821412.051895096,1.12277,-0.625281,0,0,0,0.00353351,0.999994
1683821412.101888122,1.17775,-0.616498,0,0,0,0.0293135,0.99957
1683821412.131925584,1.20412,-0.612075,0,0,0,0.0414968,0.999139
1683821412.151895645,1.22749,-0.60664,0,0,0,0.0511202,0.998692
1683821412.181915603,1.25258,-0.600354,0,0,0,0.062095,0.99807
1683821412.202052867,1.27024,-0.599741,0,0,0,0.0710985,0.997469
1683821412.252010021,1.28094,-0.577764,0,0,0,0.0778663,0.996964
1683821412.302033480,1.30231,-0.563787,0,0,0,0.0834468,0.996512
1683821412.352003274,1.33975,-0.545967,0,0,0,0.0950506,0.995472
1683821412.501932018,1.50103,-0.499332,0,0,0,0.108557,0.99409
1683821412.601976248,1.61753,-0.485548,0,0,0,0.0720186,0.997403
1683821412.631971053,1.65104,-0.482011,0,0,0,0.0611897,0.998126
1683821412.651924570,1.68795,-0.482055,0,0,0,0.049268,0.998786
1683821412.681952335,1.73167,-0.479084,0,0,0,0.0370647,0.999313
1683821412.731879601,1.82599,-0.467419,0,0,0,0.041885,0.999122
1683821412.801917762,1.94522,-0.499131,0,0,0,0.0184105,0.99983
1683821412.931890012,2.19162,-0.474335,0,0,0,0.0753209,0.997159
1683821413.001972079,2.32542,-0.440575,0,0,0,0.145433,0.989368
1683821413.051900720,2.41497,-0.40385,0,0,0,0.194343,0.980934
1683821413.101922292,2.49644,-0.356895,0,0,0,0.242602,0.970126
1683821413.152031512,2.5658,-0.310217,0,0,0,0.287694,0.957722
1683821413.181974860,2.60137,-0.283423,0,0,0,0.311573,0.950222
1683821413.201938042,2.6287,-0.260038,0,0,0,0.331701,0.943384
1683821413.251919356,2.68908,-0.201118,0,0,0,0.37379,0.927514
1683821413.331912372,2.76911,-0.100699,0,0,0,0.417912,0.908487
1683821413.401989926,2.84041,-0.00053186,0,0,0,0.444894,0.895583
1683821413.431932538,2.86954,0.0444275,0,0,0,0.452466,0.891782
1683821413.451945736,2.88096,0.0692863,0,0,0,0.453699,0.891155
1683821413.482116992,2.90056,0.0990183,0,0,0,0.458004,0.88895
1683821413.501904203,2.92349,0.132847,0,0,0,0.460944,0.887429
1683821413.551921582,2.97582,0.207663,0,0,0,0.46245,0.886645
1683821413.601995762,3.03026,0.282462,0,0,0,0.458277,0.888809
1683821413.651919860,3.08618,0.356699,0,0,0,0.451735,0.892152
1683821413.681912648,3.11653,0.400847,0,0,0,0.45356,0.891226
1683821413.701946135,3.1413,0.424494,0,0,0,0.447859,0.894104
1683821413.752325696,3.19806,0.496698,0,0,0,0.43944,0.898272
1683821413.824670328,3.29295,0.650667,0,0,0,0.461238,0.887277
1683821413.901951459,3.37409,0.77548,0,0,0,0.508212,0.861232
1683821413.931941879,3.39102,0.804907,0,0,0,0.52379,0.851847
1683821413.981961211,3.42469,0.891013,0,0,0,0.560659,0.828047
1683821414.011906127,3.43907,0.936342,0,0,0,0.580635,0.814164
1683821414.031952222,3.45149,0.971545,0,0,0,0.5943,0.804243
1683821414.062308249,3.46294,1.01635,0,0,0,0.611579,0.791183
1683821414.081964001,3.47048,1.05667,0,0,0,0.626524,0.779402
1683821414.101930350,3.47359,1.09417,0,0,0,0.640067,0.768319
1683821414.131926435,3.47691,1.13823,0,0,0,0.654969,0.755656
1683821414.161951449,3.48379,1.19331,0,0,0,0.669312,0.742981
1683821414.181949895,3.48571,1.2347,0,0,0,0.680537,0.732714
1683821414.211922907,3.49262,1.30285,0,0,0,0.696702,0.71736
1683821414.231928841,3.48701,1.33641,0,0,0,0.706385,0.707828
1683821414.252008633,3.48138,1.37536,0,0,0,0.71659,0.697495
1683821414.301937722,3.47207,1.46157,0,0,0,0.74091,0.671604
1683821414.331938992,3.46958,1.50018,0,0,0,0.751966,0.659202
1683821414.401936224,3.43155,1.64648,0,0,0,0.790924,0.611914
1683821414.431980310,3.41551,1.69935,0,0,0,0.804572,0.593854
1683821414.451966359,3.40387,1.73211,0,0,0,0.816397,0.577492
1683821414.481959715,3.37981,1.78317,0,0,0,0.829826,0.558022
1683821414.512917332,3.35574,1.83238,0,0,0,0.84289,0.538086
1683821414.532240802,3.34195,1.86924,0,0,0,0.854291,0.519795
1683821414.561940844,3.30212,1.91679,0,0,0,0.863487,0.504371
1683821414.581930911,3.27333,1.95227,0,0,0,0.870441,0.492273
1683821414.631909341,3.2243,2.03443,0,0,0,0.88493,0.465724
1683821414.681945723,3.17095,2.10377,0,0,0,0.895488,0.445085
1683821414.731969146,3.11597,2.15836,0,0,0,0.898011,0.439973
1683821414.782036856,3.05472,2.2315,0,0,0,0.900137,0.435608
1683821414.811978436,3.01329,2.28579,0,0,0,0.90267,0.430332
1683821414.831949654,2.98316,2.31261,0,0,0,0.900728,0.434384
1683821414.881965844,2.87623,2.44178,0,0,0,0.908042,0.418879
1683821414.931934994,2.78703,2.53604,0,0,0,0.913233,0.407438
1683821415.031927432,2.60519,2.70709,0,0,0,0.935959,0.352109
1683821415.181936493,2.33135,2.89404,0,0,0,0.979746,0.200245
1683821415.281921671,2.17112,2.93622,0,0,0,0.991596,0.129374
1683821415.331929139,2.02139,2.97204,0,0,0,0.995426,0.095537
1683821415.429389178,1.82418,3.00582,0,0,0,0.996618,0.0821773
1683821415.554223607,1.61132,3.06112,0,0,0,0.991777,0.127979
1683821415.581876150,1.57879,3.07202,0,0,0,0.990204,0.13963
1683821415.631884386,1.49479,3.10138,0,0,0,0.98924,0.146301
1683821415.711859473,1.38807,3.13737,0,0,0,0.988169,0.153369
1683821415.834409255,1.20008,3.18951,0,0,0,0.995909,0.0903596
1683821415.911872643,1.09853,3.20146,0,0,0,0.998894,0.0470246
1683821415.931890124,1.06672,3.20116,0,0,0,0.99935,0.0360367
1683821415.961860496,1.02134,3.19516,0,0,0,0.999748,0.0224479
1683821416.011880512,0.953173,3.19096,0,0,0,0.999981,0.00615147
1683821416.081899266,0.854249,3.18878,0,0,0,0.999999,-0.00130546
1683821416.111838638,0.817685,3.18778,0,0,0,0.999992,-0.00390203
1683821416.131853467,0.788367,3.18653,0,0,0,0.999997,-0.00230471
1683821416.161857633,0.751417,3.18383,0,0,0,0.99999,-0.00450728
1683821416.181916907,0.722177,3.18312,0,0,0,0.999993,-0.00360092
1683821416.211839352,0.687343,3.18144,0,0,0,0.999991,-0.00412245
1683821416.231877603,0.660442,3.18178,0,0,0,0.999992,-0.00396897
1683821416.258767077,0.624533,3.179,0,0,0,0.99998,-0.00634475
1683821416.281848827,0.595335,3.17804,0,0,0,0.999977,-0.0067399
1683821416.311858080,0.56614,3.17673,0,0,0,0.99996,-0.00898358
1683821416.331798228,0.545364,3.17894,0,0,0,0.999956,-0.00933792
1683821416.362116129,0.510674,3.17574,0,0,0,0.999917,-0.0128863
1683821416.381813192,0.486362,3.17463,0,0,0,0.999915,-0.0130771
1683821416.411805199,0.453896,3.17094,0,0,0,0.999846,-0.0175256
1683821416.432400494,0.428973,3.16892,0,0,0,0.999795,-0.0202457
1683821416.461804356,0.398375,3.16353,0,0,0,0.999621,-0.0275377
1683821416.481788564,0.380105,3.16508,0,0,0,0.999488,-0.0320028
1683821416.511797274,0.353756,3.16018,0,0,0,0.999162,-0.0409368
1683821416.531834598,0.333909,3.15717,0,0,0,0.998791,-0.0491546
1683821416.561790607,0.299541,3.14993,0,0,0,0.998241,-0.0592877
1683821416.581812093,0.271764,3.14428,0,0,0,0.997796,-0.0663486
1683821416.611859039,0.241847,3.13566,0,0,0,0.99716,-0.075317
1683821416.631833424,0.2164,3.13216,0,0,0,0.996522,-0.0833319
1683821416.661816248,0.181394,3.12106,0,0,0,0.995191,-0.097949
1683821416.691854043,0.147184,3.10676,0,0,0,0.993317,-0.115414
1683821416.711808173,0.123829,3.1005,0,0,0,0.991343,-0.131295
1683821416.731791294,0.100214,3.09347,0,0,0,0.989225,-0.146404
1683821416.761783140,0.0673808,3.07817,0,0,0,0.986248,-0.165275
1683821416.781796114,0.0466356,3.06938,0,0,0,0.983875,-0.178859
1683821416.811782554,0.0152331,3.05143,0,0,0,0.9803,-0.197514
1683821416.841797503,-0.0106228,3.03565,0,0,0,0.976675,-0.214724
1683821416.855082029,-0.0250522,3.02865,0,0,0,0.974469,-0.224521
1683821416.881801404,-0.0512895,3.00855,0,0,0,0.971323,-0.237762
1683821416.911820577,-0.0798301,2.98734,0,0,0,0.968263,-0.249934
1683821416.931755637,-0.0987625,2.97441,0,0,0,0.965432,-0.260655
1683821416.961859411,-0.123959,2.95444,0,0,0,0.962287,-0.272037
1683821416.991753187,-0.148968,2.93426,0,0,0,0.959272,-0.282483
1683821417.011791442,-0.166852,2.92123,0,0,0,0.9574,-0.288764
1683821417.041768192,-0.195334,2.8967,0,0,0,0.954424,-0.298454
1683821417.061799887,-0.21633,2.87822,0,0,0,0.952625,-0.304147
1683821417.081771524,-0.235274,2.86125,0,0,0,0.950769,-0.309899
1683821417.111762768,-0.257868,2.83985,0,0,0,0.948259,-0.317496
1683821417.141755804,-0.282338,2.81456,0,0,0,0.945397,-0.325921
1683821417.161743279,-0.301896,2.79588,0,0,0,0.943225,-0.332154
1683821417.191795350,-0.32444,2.77459,0,0,0,0.94122,-0.337793
1683821417.211876418,-0.340641,2.75957,0,0,0,0.940764,-0.339061
1683821417.231737760,-0.353528,2.74603,0,0,0,0.940135,-0.340803
1683821417.261854882,-0.371794,2.72663,0,0,0,0.938561,-0.345113
1683821417.281754172,-0.387261,2.71359,0,0,0,0.93693,-0.349516
1683821417.311780261,-0.405347,2.69578,0,0,0,0.935158,-0.354231
1683821417.341749715,-0.423155,2.679,0,0,0,0.93335,-0.358967
1683821417.361722760,-0.438551,2.66464,0,0,0,0.93236,-0.361531
1683821417.381739097,-0.453255,2.65151,0,0,0,0.931904,-0.362706
1683821417.411804063,-0.470208,2.62982,0,0,0,0.930926,-0.365207
1683821417.431760596,-0.483351,2.618,0,0,0,0.930287,-0.366832
1683821417.461737250,-0.499303,2.59844,0,0,0,0.928492,-0.371352
1683821417.491729166,-0.517244,2.5786,0,0,0,0.925879,-0.377819
1683821417.512833927,-0.531669,2.56387,0,0,0,0.924411,-0.381397
1683821417.541715181,-0.549478,2.54375,0,0,0,0.922632,-0.385681
1683821417.562923261,-0.563533,2.52721,0,0,0,0.921394,-0.38863
1683821417.591739752,-0.580719,2.5058,0,0,0,0.91814,-0.396257
1683821417.611744026,-0.592894,2.49191,0,0,0,0.916413,-0.400234
1683821417.631732749,-0.6047,2.47906,0,0,0,0.914352,-0.404921
1683821417.661701691,-0.618766,2.45953,0,0,0,0.910316,-0.413914
1683821417.691675689,-0.627246,2.44914,0,0,0,0.908625,-0.417613
1683821417.711733590,-0.633792,2.44161,0,0,0,0.907592,-0.419854
1683821417.741730146,-0.640899,2.43302,0,0,0,0.905989,-0.423301
1683821417.761753970,-0.647567,2.42482,0,0,0,0.904807,-0.425822
1683821417.781708232,-0.655281,2.41544,0,0,0,0.904382,-0.426724
1683821417.811697685,-0.665645,2.40201,0,0,0,0.903943,-0.427653
1683821417.841718462,-0.675521,2.38983,0,0,0,0.90436,-0.42677
1683821417.862065557,-0.688699,2.37143,0,0,0,0.904018,-0.427495
1683821417.892894205,-0.705375,2.34701,0,0,0,0.903235,-0.429145
1683821417.911839013,-0.718353,2.32866,0,0,0,0.903319,-0.428969
1683821417.961757065,-0.745604,2.29506,0,0,0,0.903019,-0.429599
1683821418.011708079,-0.7757,2.25569,0,0,0,0.900121,-0.43564
1683821418.061694167,-0.800568,2.22343,0,0,0,0.893039,-0.449979
1683821418.111675263,-0.825239,2.17959,0,0,0,0.881175,-0.47279
1683821418.141708684,-0.836628,2.15787,0,0,0,0.875125,-0.483898
1683821418.162696946,-0.846198,2.13956,0,0,0,0.869116,-0.494607
1683821418.191702707,-0.859411,2.10781,0,0,0,-0.860331,0.509736
1683821418.211684682,-0.870646,2.08657,0,0,0,-0.853162,0.521645
1683821418.241678971,-0.880955,2.05747,0,0,0,-0.844286,0.535893
1683821418.261635572,-0.889144,2.04036,0,0,0,-0.836116,0.548554
1683821418.291683297,-0.898706,2.00767,0,0,0,-0.824682,0.565597
1683821418.311808301,-0.906225,1.98174,0,0,0,-0.815008,0.579449
1683821418.341669608,-0.91387,1.94792,0,0,0,-0.804789,0.593561
1683821418.361875661,-0.919422,1.92922,0,0,0,-0.795199,0.606349
1683821418.389859648,-0.924737,1.92823,0,0,0,-0.786623,0.617434
1683821418.441668181,-0.929673,1.85852,0,0,0,-0.761012,0.648737
1683821418.461633357,-0.929974,1.8317,0,0,0,-0.748162,0.663515
1683821418.491639197,-0.92957,1.78723,0,0,0,-0.731522,0.681818
1683821418.511638963,-0.927907,1.75538,0,0,0,-0.718016,0.696027
1683821418.541632036,-0.904743,1.59225,0,0,0,-0.684692,0.728832
1683821418.661652421,-0.869799,1.44916,0,0,0,-0.611917,0.790922
1683821418.711657227,-0.845728,1.3952,0,0,0,-0.584878,0.811121
1683821418.761650097,-0.822889,1.35082,0,0,0,-0.559358,0.828926
1683821418.791618756,-0.809538,1.3281,0,0,0,-0.544428,0.838808
1683821418.811616122,-0.799005,1.31069,0,0,0,-0.531921,0.846794
1683821418.841643593,-0.780554,1.28262,0,0,0,-0.51733,0.855786
1683821418.861705689,-0.762328,1.26232,0,0,0,-0.507656,0.86156
1683821418.891655182,-0.738403,1.22746,0,0,0,-0.492172,0.870498
1683821418.911619718,-0.719325,1.20418,0,0,0,-0.47825,0.878224
1683821418.941665171,-0.693913,1.17876,0,0,0,-0.466878,0.884322
1683821418.961610477,-0.677117,1.16236,0,0,0,-0.455701,0.890133
1683821418.991638589,-0.658479,1.14056,0,0,0,-0.440869,0.897571
1683821419.011842534,-0.643095,1.12523,0,0,0,-0.42999,0.902834
1683821419.041612014,-0.626209,1.10511,0,0,0,-0.414989,0.909826
1683821419.061574090,-0.612637,1.09404,0,0,0,-0.404665,0.914465
1683821419.091641402,-0.592858,1.07792,0,0,0,-0.392268,0.919851
1683821419.111591512,-0.579475,1.06728,0,0,0,-0.383117,0.9237
1683821419.141607020,-0.561106,1.05146,0,0,0,-0.371491,0.928436
1683821419.161619204,-0.543172,1.04133,0,0,0,-0.363064,0.931764
1683821419.191572989,-0.522245,1.0276,0,0,0,-0.352316,0.935881
1683821419.211657840,-0.506047,1.01799,0,0,0,-0.341593,0.939848
1683821419.241578508,-0.487217,1.00792,0,0,0,-0.33306,0.942905
1683821419.261572517,-0.476323,1.00383,0,0,0,-0.324048,0.94604
1683821419.291580922,-0.458321,0.99297,0,0,0,-0.317585,0.94823
1683821419.311593746,-0.444124,0.986073,0,0,0,-0.311825,0.95014
1683821419.341583209,-0.42431,0.973034,0,0,0,-0.307386,0.951585
1683821419.362260940,-0.407445,0.963302,0,0,0,-0.304251,0.952592
1683821419.391864353,-0.388071,0.948816,0,0,0,-0.30215,0.95326
1683821419.411555219,-0.372845,0.937397,0,0,0,-0.302239,0.953232
1683821419.442009348,-0.354345,0.927506,0,0,0,-0.304539,0.9525
1683821419.461586591,-0.340726,0.916553,0,0,0,-0.305017,0.952347
1683821419.491633201,-0.32154,0.900444,0,0,0,-0.306913,0.951737
1683821419.511548049,-0.307541,0.889341,0,0,0,-0.309599,0.950867
1683821419.541619617,-0.289736,0.871642,0,0,0,-0.309899,0.950769
1683821419.561577117,-0.274538,0.858488,0,0,0,-0.311135,0.950366
1683821419.591553237,-0.253244,0.842939,0,0,0,-0.315678,0.948866
1683821419.611559118,-0.238324,0.833266,0,0,0,-0.320517,0.947243
1683821419.641574242,-0.218487,0.81756,0,0,0,-0.325411,0.945573
1683821419.661596505,-0.199864,0.803657,0,0,0,-0.32891,0.944361
1683821419.711533645,-0.158017,0.76732,0,0,0,-0.3412,0.939991
1683821419.741531395,-0.138004,0.745424,0,0,0,-0.351069,0.93635
1683821419.761534588,-0.121861,0.728745,0,0,0,-0.365155,0.930947
1683821419.792045064,-0.10487,0.706721,0,0,0,-0.379507,0.925189
1683821419.811774103,-0.0895677,0.688966,0,0,0,-0.394344,0.918963
1683821419.841527041,-0.0700839,0.662174,0,0,0,-0.41204,0.911166
1683821419.861539737,-0.0556957,0.642322,0,0,0,-0.429277,0.903173
1683821419.891572748,-0.0424793,0.617242,0,0,0,-0.44772,0.894174
1683821419.911581188,-0.0291098,0.59672,0,0,0,-0.463972,0.88585
1683821419.941502720,-0.0161088,0.571877,0,0,0,-0.477877,0.878427
1683821419.961546998,-0.00642415,0.552667,0,0,0,-0.492422,0.870356
1683821419.991514320,0.00663249,0.525394,0,0,0,-0.506725,0.862108
1683821420.011511628,0.0148102,0.50423,0,0,0,-0.517648,0.855594
1683821420.041645692,0.0211665,0.48459,0,0,0,-0.529416,0.848362
1683821420.061508644,0.02856,0.465566,0,0,0,-0.540126,0.841584
1683821420.091541724,0.0337105,0.447307,0,0,0,-0.550112,0.835091
1683821420.111524026,0.0379636,0.424774,0,0,0,-0.556404,0.830912
1683821420.141549970,0.042561,0.403654,0,0,0,-0.563576,0.826064
1683821420.161504275,0.0462759,0.387978,0,0,0,-0.571193,0.820815
1683821420.191518604,0.0485895,0.370661,0,0,0,-0.578177,0.815911
1683821420.221494569,0.049247,0.364038,0,0,0,-0.589129,0.808039
1683821420.241529955,0.0520731,0.351102,0,0,0,-0.596562,0.802567
1683821420.261890722,0.0543435,0.342214,0,0,0,-0.60421,0.796825
1683821420.312157188,0.0605099,0.312204,0,0,0,-0.611338,0.79137
1683821420.371481392,0.0710411,0.264423,0,0,0,-0.609265,0.792967
1683821420.421482119,0.0870539,0.208143,0,0,0,-0.60128,0.799039
1683821420.461454178,0.110363,0.143421,0,0,0,-0.583695,0.811973
1683821420.491475195,0.131621,0.0992526,0,0,0,-0.567629,0.823285
1683821420.513453209,0.14544,0.0761375,0,0,0,-0.554932,0.831896
1683821420.541512144,0.167851,0.0394508,0,0,0,-0.537282,0.843403
1683821420.571504075,0.193194,0.00310151,0,0,0,-0.520838,0.853655
1683821420.611498788,0.229435,-0.046695,0,0,0,-0.489016,0.872275
1683821420.641457922,0.255602,-0.0772697,0,0,0,-0.468471,0.883479
1683821420.671600210,0.282061,-0.10468,0,0,0,-0.450281,0.892887
1683821420.691482584,0.301668,-0.125711,0,0,0,-0.434657,0.900596
1683821420.721456628,0.338743,-0.159987,0,0,0,-0.412766,0.910837
1683821420.741516172,0.358879,-0.181758,0,0,0,-0.396195,0.918166
1683821420.771478730,0.390726,-0.207128,0,0,0,-0.374367,0.927281
1683821420.791589278,0.410936,-0.220848,0,0,0,-0.360102,0.932913
1683821420.821469346,0.440868,-0.242069,0,0,0,-0.339763,0.940511
1683821420.841463071,0.463709,-0.25587,0,0,0,-0.324842,0.945768
1683821420.871437276,0.497541,-0.276068,0,0,0,-0.304079,0.952647
1683821420.891464982,0.520686,-0.285919,0,0,0,-0.290244,0.956953
1683821420.921444690,0.550415,-0.300782,0,0,0,-0.270633,0.962683
1683821420.941450063,0.573296,-0.311055,0,0,0,-0.256822,0.966459
1683821420.971422347,0.598342,-0.319501,0,0,0,-0.24209,0.970254
1683821420.991436904,0.618478,-0.32572,0,0,0,-0.228833,0.973466
1683821421.021439784,0.638955,-0.332474,0,0,0,-0.212897,0.977074
1683821421.041470789,0.657746,-0.336261,0,0,0,-0.200701,0.979653
1683821421.071415562,0.686173,-0.343126,0,0,0,-0.187057,0.982349
1683821421.091784268,0.705595,-0.345227,0,0,0,-0.175041,0.984561
1683821421.121428552,0.733228,-0.350871,0,0,0,-0.159125,0.987258
1683821421.141429832,0.760795,-0.353763,0,0,0,-0.148008,0.988986
1683821421.171453990,0.788892,-0.357059,0,0,0,-0.138611,0.990347
1683821421.191455878,0.808737,-0.357528,0,0,0,-0.129578,0.991569
1683821421.221420776,0.834128,-0.358141,0,0,0,-0.117983,0.993016
1683821421.271423496,0.888174,-0.359881,0,0,0,-0.0996753,0.99502
1683821421.321407465,0.945278,-0.360478,0,0,0,-0.0842112,0.996448
1683821421.341429671,0.972856,-0.361946,0,0,0,-0.0772106,0.997015
1683821421.421403625,1.06153,-0.366651,0,0,0,-0.0567363,0.998389
1683821421.471504768,1.11595,-0.369841,0,0,0,-0.04442,0.999013
1683821421.541416071,1.1801,-0.36885,0,0,0,-0.0374919,0.999297
1683821421.591402280,1.20169,-0.370175,0,0,0,-0.0347221,0.999397
1683821421.621401224,1.20808,-0.370349,0,0,0,-0.0329699,0.999456
1683821421.641715407,1.21708,-0.370554,0,0,0,-0.0330345,0.999454
1683821421.671404167,1.22249,-0.371445,0,0,0,-0.0345639,0.999402
1683821421.691397416,1.22613,-0.371798,0,0,0,-0.036373,0.999338
1683821421.721397960,1.23459,-0.37395,0,0,0,-0.0370513,0.999313
1683821421.741371306,1.24059,-0.375594,0,0,0,-0.0378364,0.999284
1683821421.771366410,1.24801,-0.376682,0,0,0,-0.0402192,0.999191
1683821421.791368106,1.25525,-0.377993,0,0,0,-0.0442018,0.999023
1683821421.821375785,1.26979,-0.380506,0,0,0,-0.0483455,0.998831
1683821421.841373833,1.28692,-0.383029,0,0,0,-0.0543665,0.998521
1683821421.871370377,1.30678,-0.386634,0,0,0,-0.061559,0.998103
1683821421.891443267,1.33073,-0.392573,0,0,0,-0.0684289,0.997656
1683821421.941365193,1.38735,-0.400993,0,0,0,-0.0794419,0.99684
1683821421.971449890,1.42964,-0.408904,0,0,0,-0.0795312,0.996832
1683821421.991789545,1.46021,-0.416432,0,0,0,-0.0820505,0.996628
1683821422.021387182,1.49669,-0.425504,0,0,0,-0.0802765,0.996773
1683821422.041360435,1.53148,-0.429866,0,0,0,-0.0794986,0.996835
1683821422.071371543,1.57295,-0.4325,0,0,0,-0.0788228,0.996889
1683821422.121384702,1.66195,-0.446385,0,0,0,-0.0696238,0.997573
1683821422.241328630,1.9115,-0.456065,0,0,0,-0.0223126,0.999751
1683821422.351325193,2.12217,-0.451022,0,0,0,0.0727922,0.997347
1683821422.441333815,2.30841,-0.40257,0,0,0,0.176188,0.984357
1683821422.471328316,2.34723,-0.370994,0,0,0,0.197585,0.980286
1683821422.491633607,2.38096,-0.34762,0,0,0,0.217024,0.976166
1683821422.521340548,2.43281,-0.31316,0,0,0,0.241679,0.970356
1683821422.541327080,2.45429,-0.281185,0,0,0,0.256568,0.966526
1683821422.591301522,2.54432,-0.203802,0,0,0,0.291975,0.956426
1683821422.641323353,2.62507,-0.152772,0,0,0,0.322638,0.946522
1683821422.721310215,2.72675,-0.0988726,0,0,0,0.344714,0.938708
1683821422.791302515,2.81576,-0.017517,0,0,0,0.345001,0.938602
1683821422.841298780,2.87663,0.0342737,0,0,0,0.346199,0.938161
1683821422.901337730,2.94313,0.0910045,0,0,0,0.350052,0.93673
1683821422.921318151,2.96549,0.123947,0,0,0,0.350137,0.936698
1683821422.941366183,2.997,0.150739,0,0,0,0.35277,0.93571
1683821422.971302289,3.03575,0.184537,0,0,0,0.35891,0.933372
1683821422.991286391,3.0689,0.215577,0,0,0,0.360036,0.932939
1683821423.051449438,3.14358,0.285355,0,0,0,0.364278,0.93129
1683821423.141317478,3.28156,0.429392,0,0,0,0.401655,0.915791
1683821423.221371357,3.38187,0.545504,0,0,0,0.460003,0.887917
1683821423.251319595,3.40613,0.584246,0,0,0,0.477412,0.878679
1683821423.271237016,3.4281,0.617531,0,0,0,0.493348,0.869832
1683821423.291251710,3.45464,0.658332,0,0,0,0.509367,0.86055
1683821423.321335233,3.47784,0.702686,0,0,0,0.52689,0.849933
1683821423.351262673,3.49801,0.744991,0,0,0,0.542998,0.839734
1683821423.371241433,3.51093,0.779505,0,0,0,0.554772,0.832003
1683821423.401218725,3.52989,0.824095,0,0,0,0.569491,0.821998
1683821423.421268936,3.54673,0.867363,0,0,0,0.582015,0.813178
1683821423.441239921,3.55795,0.900218,0,0,0,0.591141,0.806568
1683821423.471245786,3.57353,0.947607,0,0,0,0.6049,0.796301
1683821423.491268095,3.5842,0.987432,0,0,0,0.615159,0.788403
1683821423.521262889,3.59649,1.02966,0,0,0,0.62339,0.781911
1683821423.551250100,3.60619,1.06974,0,0,0,0.632271,0.774747
1683821423.601203689,3.62261,1.16322,0,0,0,0.654803,0.7558
1683821423.641263121,3.62993,1.26575,0,0,0,0.680466,0.73278
1683821423.691218054,3.6315,1.35516,0,0,0,0.703834,0.710365
1683821423.751271062,3.62427,1.46755,0,0,0,0.733569,0.679615
1683821423.821250766,3.5921,1.63632,0,0,0,0.782565,0.622569
1683821423.841225111,3.58627,1.6765,0,0,0,0.798625,0.601829
1683821423.871237088,3.56479,1.73821,0,0,0,0.814424,0.580271
1683821423.901214124,3.54414,1.79334,0,0,0,0.829302,0.558801
1683821423.921211955,3.52864,1.82714,0,0,0,0.840841,0.541282
1683821423.951199454,3.50371,1.87535,0,0,0,0.853426,0.521215
1683821423.971213444,3.48435,1.90883,0,0,0,0.862225,0.506525
1683821423.991193965,3.46288,1.94456,0,0,0,0.870952,0.491368
1683821424.021415787,3.43412,1.98601,0,0,0,0.877371,0.479813
1683821424.071182326,3.38581,2.05273,0,0,0,0.884438,0.466658
1683821424.121264201,3.32323,2.15208,0,0,0,0.889604,0.456733
1683821424.141224342,3.2858,2.20769,0,0,0,0.891352,0.453311
1683821424.171259042,3.24146,2.27346,0,0,0,0.894572,0.446925
1683821424.201200374,3.19669,2.33094,0,0,0,0.897579,0.440854
1683821424.251240492,3.12891,2.41662,0,0,0,0.899716,0.436475
1683821424.371164206,2.93379,2.62924,0,0,0,0.931233,0.364423
1683821424.521219286,2.66809,2.80944,0,0,0,0.974539,0.224218
1683821424.551209893,2.63451,2.82323,0,0,0,0.978241,0.207469
1683821424.571160371,2.60299,2.833,0,0,0,0.980594,0.196047
1683821424.601124325,2.54034,2.86026,0,0,0,0.984327,0.176354
1683821424.671149606,2.39834,2.90273,0,0,0,0.98057,0.19617
1683821424.701150005,2.37024,2.91559,0,0,0,0.987152,0.159781
1683821424.821301286,2.12257,3.01288,0,0,0,0.98237,0.186947
1683821424.921119878,1.93164,3.08407,0,0,0,0.977116,0.212705
1683821424.971149661,1.8803,3.1308,0,0,0,0.974787,0.223138
1683821425.071110305,1.74416,3.19656,0,0,0,0.978838,0.204636
1683821425.171086311,1.59726,3.23812,0,0,0,0.991346,0.131276
1683821425.201117240,1.56094,3.24682,0,0,0,0.993784,0.111328
1683821425.221118374,1.52072,3.25596,0,0,0,0.995922,0.0902201
1683821425.271124807,1.44896,3.26696,0,0,0,0.998201,0.0599524
1683821425.301104540,1.41299,3.26736,0,0,0,0.998844,0.0480766
1683821425.321108969,1.37665,3.26531,0,0,0,0.999253,0.0386468
1683821425.371088685,1.31064,3.26527,0,0,0,0.999433,0.0336692
1683821425.421141610,1.23883,3.26433,0,0,0,0.999444,0.0333486
1683821425.451111680,1.1988,3.26272,0,0,0,0.9995,0.0316161
1683821425.471089136,1.16235,3.26196,0,0,0,0.99949,0.0319447
1683821425.501053351,1.11685,3.26202,0,0,0,0.999576,0.0291172
1683821425.521088145,1.08182,3.26087,0,0,0,0.999563,0.0295464
1683821425.551070471,1.04269,3.25905,0,0,0,0.999654,0.0263053
1683821425.571124496,1.01618,3.25988,0,0,0,0.999713,0.0239511
1683821425.601071016,0.979389,3.25457,0,0,0,0.999819,0.019008
1683821425.621076021,0.952219,3.2551,0,0,0,0.999866,0.0163622
1683821425.651111911,0.90589,3.25298,0,0,0,0.999979,0.00646271
1683821425.671129459,0.880462,3.25182,0,0,0,0.999996,0.00290748
1683821425.701067500,0.83936,3.24677,0,0,0,0.999968,-0.00797969
1683821425.721053914,0.820469,3.24377,0,0,0,0.999903,-0.0139429
1683821425.751122281,0.792558,3.24019,0,0,0,0.999783,-0.0208411
1683821425.771075994,0.777046,3.23963,0,0,0,0.99969,-0.0248845
1683821425.801043441,0.75252,3.2368,0,0,0,0.999469,-0.0325911
1683821425.821045150,0.732228,3.23287,0,0,0,0.999231,-0.039206
1683821425.851091406,0.697834,3.22456,0,0,0,0.998765,-0.0496922
1683821425.881070372,0.65726,3.21571,0,0,0,0.998297,-0.0583393
1683821425.901050707,0.630489,3.21214,0,0,0,0.998013,-0.0630111
1683821425.921045697,0.602767,3.20624,0,0,0,0.997659,-0.0683802
1683821425.951134158,0.56268,3.19339,0,0,0,0.99656,-0.0828775
1683821425.971064161,0.535195,3.18527,0,0,0,0.995727,-0.0923486
1683821426.001084087,0.496972,3.1724,0,0,0,0.994365,-0.106008
1683821426.021036171,0.468601,3.16313,0,0,0,0.993293,-0.115625
1683821426.051088864,0.433369,3.14799,0,0,0,0.991303,-0.1316
1683821426.081041149,0.399621,3.13558,0,0,0,0.988492,-0.151272
1683821426.101059597,0.37842,3.12524,0,0,0,0.986392,-0.164411
1683821426.131051207,0.34673,3.10732,0,0,0,0.983358,-0.18168
1683821426.151077525,0.320797,3.09149,0,0,0,0.980961,-0.194205
1683821426.171112387,0.299326,3.07864,0,0,0,0.97837,-0.206864
1683821426.201046210,0.271677,3.05889,0,0,0,0.974945,-0.222446
1683821426.231015677,0.246128,3.04003,0,0,0,0.971258,-0.238031
1683821426.251092936,0.228295,3.02788,0,0,0,0.968779,-0.247926
1683821426.281004808,0.207381,3.01396,0,0,0,0.965967,-0.258666
1683821426.301009529,0.191391,3.00476,0,0,0,0.963721,-0.266911
1683821426.321017449,0.174898,2.99401,0,0,0,0.961846,-0.27359
1683821426.351034241,0.155243,2.98011,0,0,0,0.959471,-0.281808
1683821426.381027674,0.13755,2.96837,0,0,0,0.957868,-0.287209
1683821426.401022155,0.125549,2.96251,0,0,0,0.956995,-0.290103
1683821426.431081696,0.116588,2.95927,0,0,0,0.956434,-0.29195
1683821426.451119246,0.111167,2.95979,0,0,0,0.956606,-0.291386
1683821426.471112383,0.107243,2.95832,0,0,0,0.956857,-0.29056
1683821426.500997633,0.106128,2.95811,0,0,0,0.957268,-0.289203
1683821426.520997810,0.105113,2.95834,0,0,0,0.957442,-0.288627
1683821426.551020873,0.104378,2.95797,0,0,0,0.957358,-0.288904
1683821426.580962119,0.105229,2.95884,0,0,0,0.957359,-0.288902
1683821426.601000181,0.105757,2.95826,0,0,0,0.957434,-0.288651
1683821426.631052874,0.107392,2.95953,0,0,0,0.95725,-0.289262
1683821426.651015518,0.10941,2.96013,0,0,0,0.957159,-0.289564
1683821426.671449548,0.110436,2.96038,0,0,0,0.95717,-0.289526
1683821426.700987338,0.110765,2.96058,0,0,0,0.95684,-0.290616
1683821426.731006114,0.111982,2.96118,0,0,0,0.956723,-0.290999
1683821426.751069837,0.113288,2.96058,0,0,0,0.956742,-0.290936
1683821426.780984301,0.114616,2.96172,0,0,0,0.956662,-0.291202
1683821426.800996253,0.115287,2.961,0,0,0,0.956573,-0.291493
1683821426.821012973,0.11496,2.95976,0,0,0,0.956516,-0.291679
1683821426.851005574,0.115386,2.96062,0,0,0,0.956428,-0.291968
1683821426.880942437,0.115244,2.96003,0,0,0,0.956538,-0.291606
1683821426.900957588,0.114662,2.96002,0,0,0,0.956464,-0.291851
1683821426.931146142,0.114678,2.96009,0,0,0,0.956388,-0.292098
1683821426.950937280,0.114141,2.95939,0,0,0,0.956425,-0.291979
1683821426.971020490,0.113811,2.95933,0,0,0,0.956401,-0.292058
1683821427.001066723,0.113686,2.95893,0,0,0,0.956418,-0.292001
1683821427.031018501,0.112946,2.95915,0,0,0,0.956271,-0.292482
1683821427.050987803,0.112405,2.95819,0,0,0,0.956202,-0.292706
1683821427.080945245,0.111664,2.95674,0,0,0,0.956235,-0.292599
1683821427.100975247,0.111107,2.95691,0,0,0,0.956134,-0.292929
1683821427.130917745,0.110248,2.9559,0,0,0,0.95604,-0.293236
1683821427.150983968,0.109637,2.95525,0,0,0,0.955816,-0.293966
1683821427.180987230,0.108778,2.95462,0,0,0,0.955659,-0.294477
1683821427.200939030,0.108258,2.95371,0,0,0,0.955571,-0.294763
1683821427.231032173,0.107213,2.95333,0,0,0,0.955364,-0.295432
1683821427.251002723,0.10669,2.9522,0,0,0,0.955209,-0.295931
1683821427.281424288,0.105323,2.95125,0,0,0,0.955063,-0.296401
1683821427.300944154,0.104772,2.95024,0,0,0,0.954901,-0.296924
1683821427.330987573,0.104098,2.94883,0,0,0,0.954809,-0.297221
1683821427.350952908,0.103277,2.94805,0,0,0,0.954706,-0.297551
1683821427.371028538,0.102834,2.94734,0,0,0,0.954559,-0.298022
1683821427.400931488,0.101628,2.94678,0,0,0,0.954366,-0.298638
1683821427.429388504,0.101131,2.94551,0,0,0,0.954365,-0.298644
1683821427.451050889,0.100456,2.94534,0,0,0,0.954211,-0.299135
1683821427.480926545,0.0998079,2.94438,0,0,0,0.954174,-0.299252
1683821427.500922982,0.0996449,2.9425,0,0,0,0.954149,-0.299331
1683821427.520942104,0.0994065,2.94136,0,0,0,0.954093,-0.299511
1683821427.550950006,0.0985138,2.9411,0,0,0,0.953982,-0.299864
1683821427.580902392,0.0982512,2.94023,0,0,0,0.953907,-0.300104
1683821427.601143385,0.0980045,2.93943,0,0,0,0.953869,-0.300224
1683821427.630918313,0.0972221,2.93947,0,0,0,0.953757,-0.30058
1683821427.651034388,0.0969336,2.9386,0,0,0,0.953729,-0.300668
1683821427.681186854,0.096316,2.93783,0,0,0,0.953683,-0.300813
1683821427.701196153,0.0960444,2.93709,0,0,0,0.953673,-0.300846
1683821427.730927885,0.0952234,2.93675,0,0,0,0.953553,-0.301225
1683821427.750910978,0.0952975,2.9361,0,0,0,0.953465,-0.301504
1683821427.780881955,0.0947431,2.93579,0,0,0,0.953391,-0.301738
1683821427.800890038,0.094255,2.93555,0,0,0,0.953313,-0.301984
1683821427.830981293,0.0942215,2.93492,0,0,0,0.953272,-0.302112
1683821427.850919718,0.0937528,2.93429,0,0,0,0.95328,-0.302089
1683821427.880967553,0.093413,2.93441,0,0,0,0.953222,-0.30227
1683821427.900882236,0.0934737,2.93401,0,0,0,0.953231,-0.302244
1683821427.930909816,0.093409,2.93374,0,0,0,0.953176,-0.302417
1683821427.950928298,0.0925727,2.93355,0,0,0,0.953068,-0.302756
1683821427.980884908,0.092589,2.93276,0,0,0,0.953085,-0.302704
1683821428.001235272,0.0922685,2.93296,0,0,0,0.953005,-0.302955
1683821428.031194862,0.0919074,2.93217,0,0,0,0.953047,-0.302822
1683821428.051735611,0.0915302,2.93253,0,0,0,0.952896,-0.303298
1683821428.080886209,0.0913723,2.93209,0,0,0,0.95292,-0.303223
1683821428.100887545,0.0910256,2.93161,0,0,0,0.952859,-0.303414
1683821428.130921593,0.09092,2.93158,0,0,0,0.952875,-0.303363
1683821428.150949326,0.0907335,2.93111,0,0,0,0.952873,-0.303371
1683821428.175290384,0.0905635,2.93024,0,0,0,0.952849,-0.303446
1683821428.200862800,0.0906008,2.92965,0,0,0,0.952818,-0.303541
1683821428.230916143,0.0898688,2.92932,0,0,0,0.952763,-0.303715
