Timestamp,X,Y,Z,qx,qy,qz,qw
1657911204.370137691,-0.393902,-4.36994,-0.0106947,-0.00053828,0.00401782,-0.342317,0.939576
1657911204.470087528,-0.395837,-4.36882,-0.0103844,-0.000501929,0.00376229,-0.342261,0.939597
1657911204.570040941,-0.394499,-4.36915,-0.00901604,-0.000484285,0.00397136,-0.342302,0.939581
1657911204.670021534,-0.38818,-4.37014,-0.0095191,-0.000333437,0.00401804,-0.342388,0.93955
1657911204.769992828,-0.391428,-4.37004,-0.00739855,-0.00029923,0.00378449,-0.342433,0.939535
1657911204.869966984,-0.390353,-4.36767,-0.00772512,-0.000236145,0.00411666,-0.342425,0.939536
1657911204.969944477,-0.388812,-4.36777,-0.00786179,-0.000280094,0.00384816,-0.342413,0.939542
1657911205.069817066,-0.391578,-4.36627,-0.00443947,-0.000264804,0.00395689,-0.342408,0.939543
1657911205.169743776,-0.391711,-4.36819,-0.00897092,-0.000429736,0.00402198,-0.342411,0.939542
1657911205.270413399,-0.393358,-4.36973,-0.00977015,-0.000489926,0.00387834,-0.342404,0.939545
1657911205.370306969,-0.392779,-4.37034,-0.00752527,-0.000552424,0.00397708,-0.34239,0.939549
1657911205.470526218,-0.393729,-4.36858,-0.0106592,-0.000437037,0.0041014,-0.342303,0.939581
1657911205.570211411,-0.389976,-4.3686,-0.00866753,-0.000347952,0.00387433,-0.342378,0.939554
1657911205.670158386,-0.390719,-4.37219,-0.00798815,-0.000414797,0.00372047,-0.342339,0.939569
1657911205.770112514,-0.39177,-4.37265,-0.0109831,-0.000530298,0.0039259,-0.342415,0.93954
1657911205.870059490,-0.389941,-4.37114,-0.00660783,-0.00045719,0.00390364,-0.342418,0.93954
1657911205.970039845,-0.391324,-4.3688,-0.0106192,-0.000442085,0.00390932,-0.342334,0.93957
1657911206.070007324,-0.389418,-4.37073,-0.0107412,-0.000503572,0.00373301,-0.342371,0.939557
1657911206.169980288,-0.390598,-4.37094,-0.010824,-0.000456525,0.00369692,-0.342375,0.939556
1657911206.269954681,-0.390844,-4.36904,-0.00801873,-0.000348851,0.0039448,-0.342428,0.939536
1657911206.369980335,-0.392865,-4.36936,-0.00807738,-0.000143441,0.0041195,-0.342366,0.939558
1657911206.469759703,-0.391176,-4.37031,-0.00882584,-0.000618063,0.00377902,-0.342413,0.939542
1657911206.569716930,-0.389746,-4.37071,-0.010507,-0.000620675,0.00398368,-0.342549,0.939491
1657911206.669669867,-0.391894,-4.36827,-0.00956905,-0.000386532,0.00382358,-0.342352,0.939564
1657911206.770280600,-0.392107,-4.37013,-0.00873107,-0.000521327,0.0038165,-0.34241,0.939543
1657911206.870245695,-0.389732,-4.36849,-0.00826508,-0.000188129,0.00401229,-0.342404,0.939544
1657911206.970189571,-0.390596,-4.37041,-0.0100538,-0.000333238,0.00378647,-0.342415,0.939541
1657911207.070135355,-0.390343,-4.36815,-0.010461,-0.000338518,0.00397184,-0.342414,0.939541
1657911207.170081615,-0.393512,-4.36716,-0.00875849,-0.000229241,0.00383868,-0.342305,0.939581
1657911207.270074368,-0.393004,-4.36581,-0.0118384,-0.000245823,0.00391999,-0.342343,0.939567
1657911207.370040178,-0.389303,-4.37041,-0.0095917,-0.000437625,0.00346459,-0.342406,0.939546
1657911207.470004559,-0.390427,-4.36863,-0.00567889,-0.000398241,0.00394706,-0.342393,0.939548
1657911207.569969177,-0.392638,-4.36859,-0.00700045,-0.000593521,0.00401598,-0.342352,0.939563
1657911207.669955015,-0.391977,-4.37077,-0.00827283,-0.000510474,0.0040394,-0.342377,0.939554
1657911207.769789219,-0.392944,-4.36998,-0.00765157,-0.000378315,0.00413417,-0.342386,0.93955
1657911207.869757175,-0.393021,-4.36714,-0.00679946,-0.000430625,0.00406503,-0.342337,0.939568
1657911207.969691277,-0.392651,-4.36633,-0.0074333,-0.000320683,0.00406906,-0.342347,0.939565
1657911208.070310354,-0.395149,-4.36648,-0.00626624,-0.000405535,0.00394691,-0.342324,0.939573
1657911208.170259476,-0.396227,-4.36905,-0.0087536,-0.000386292,0.00409438,-0.342327,0.939572
1657911208.270206928,-0.39193,-4.37096,-0.0110239,-0.000534046,0.00400183,-0.342471,0.93952
1657911208.370182514,-0.389982,-4.37032,-0.00987399,-0.000459673,0.00385305,-0.342519,0.939503
1657911208.470109940,-0.389456,-4.3713,-0.0105485,-0.000357675,0.0040017,-0.342331,0.939571
1657911208.570068598,-0.390479,-4.37032,-0.00947076,-0.000256617,0.00370858,-0.34237,0.939558
1657911208.772665977,-0.392462,-4.37086,-0.00916564,-0.00047549,0.00398038,-0.342405,0.939544
1657911208.869996071,-0.392629,-4.36744,-0.00750303,-0.000242908,0.00402052,-0.342335,0.939569
1657911208.969960928,-0.396552,-4.37016,-0.00664657,-0.000482707,0.00396929,-0.34229,0.939586
1657911209.069933414,-0.3974,-4.36766,-0.0101322,-0.000586546,0.00418359,-0.342322,0.939573
1657911209.169764042,-0.391874,-4.36561,-0.00931233,-0.000264046,0.00402106,-0.342509,0.939506
1657911209.270390034,-0.390742,-4.36759,-0.00949621,-0.000212253,0.00378011,-0.342435,0.939534
1657911209.370349646,-0.391594,-4.36835,-0.00843793,-0.000443895,0.00372925,-0.342379,0.939554
1657911209.470274210,-0.392807,-4.36806,-0.00745946,-0.000383659,0.00392164,-0.342399,0.939547
1657911209.570240259,-0.393627,-4.36553,-0.007936,-0.000170274,0.0040405,-0.342441,0.939531
1657911209.670181990,-0.394066,-4.36859,-0.00670129,-0.000243723,0.00401727,-0.342394,0.939548
1657911209.770131588,-0.395619,-4.36722,-0.00797337,-0.000286282,0.00417497,-0.34239,0.939549
1657911209.870754004,-0.396342,-4.36805,-0.00844842,-0.000388758,0.00394585,-0.342308,0.939579
1657911209.970939159,-0.393216,-4.36937,-0.00945419,-0.000476992,0.00394788,-0.342377,0.939554
1657911210.070693970,-0.393428,-4.36857,-0.0068261,-0.000296921,0.00403972,-0.34237,0.939556
1657911210.170662880,-0.392074,-4.36901,-0.00983369,-0.000310956,0.00405483,-0.342406,0.939543
1657911210.269978523,-0.390609,-4.36684,-0.00851804,-0.000204486,0.00391868,-0.342364,0.939559
1657911210.369950056,-0.392697,-4.36776,-0.0117416,-0.000307273,0.00394948,-0.342379,0.939553
1657911210.469804049,-0.389932,-4.3675,-0.00504929,-0.000275049,0.00386435,-0.342403,0.939545
1657911210.569731236,-0.390934,-4.36923,-0.0079236,-0.000531713,0.00392019,-0.342305,0.93958
1657911210.670355320,-0.394403,-4.36705,-0.00996637,-0.000267451,0.00395133,-0.342365,0.939559
1657911210.770304441,-0.394673,-4.3684,-0.00787044,-0.000343831,0.00399307,-0.34243,0.939535
1657911210.870254278,-0.393425,-4.36823,-0.00692105,-0.000240287,0.00412216,-0.342409,0.939542
1657911210.970200062,-0.391426,-4.36991,-0.0071792,-0.000276972,0.00392292,-0.342488,0.939514
1657911211.070175648,-0.390556,-4.36942,-0.00963265,-0.00038893,0.00395625,-0.342459,0.939524
1657911211.170770645,-0.390357,-4.36523,-0.00508755,-6.9858e-05,0.00373589,-0.3424,0.939547
1657911211.270726681,-0.390209,-4.36629,-0.0114344,-0.000303707,0.00393218,-0.34237,0.939557
1657911211.370698214,-0.389598,-4.36784,-0.00856709,-0.000326093,0.00378085,-0.342423,0.939538
1657911211.470704556,-0.389618,-4.36888,-0.00809312,-0.00043199,0.00372889,-0.342357,0.939562
1657911211.572784901,-0.38769,-4.36931,-0.00994992,-0.000389405,0.00377405,-0.34236,0.939561
1657911211.670629263,-0.390693,-4.37049,-0.0121146,-0.000498077,0.00359555,-0.3423,0.939584
1657911211.770476818,-0.389654,-4.3704,-0.0110078,-0.000527001,0.0036324,-0.342427,0.939537
1657911211.870428324,-0.393275,-4.36819,-0.0107291,-0.000410729,0.00389246,-0.342368,0.939558
1657911211.970387936,-0.395106,-4.36572,-0.00525892,-0.000260674,0.00389994,-0.342292,0.939585
1657911212.070329189,-0.392219,-4.36655,-0.00848573,-0.000312913,0.00400418,-0.342359,0.939561
1657911212.170280933,-0.390199,-4.36667,-0.00778008,-0.000320999,0.00372962,-0.342385,0.939552
1657911212.270229340,-0.391279,-4.36839,-0.0118675,-0.000408586,0.00374185,-0.342325,0.939574
1657911212.372007370,-0.390754,-4.36979,-0.00830251,-0.000275153,0.00384555,-0.342425,0.939537
1657911212.470128536,-0.396356,-4.36696,-0.0104278,-0.0004267,0.00391353,-0.342348,0.939565
1657911212.570109606,-0.390914,-4.37045,-0.0100544,-0.000437542,0.00389382,-0.342464,0.939523
1657911212.670045853,-0.38899,-4.37027,-0.00980669,-0.000363624,0.00372265,-0.342492,0.939513
1657911212.770689964,-0.3922,-4.36903,-0.00939614,-0.000240792,0.004022,-0.34242,0.939538
1657911212.870661497,-0.390478,-4.36644,-0.00860685,-0.000234201,0.00391443,-0.342431,0.939535
1657911212.970638752,-0.389882,-4.36643,-0.00684273,-0.000202124,0.00372533,-0.342362,0.939561
1657911213.070618629,-0.392207,-4.36758,-0.0104079,-0.0004094,0.00388784,-0.342285,0.939588
1657911213.170455456,-0.392604,-4.36771,-0.0101146,-0.000269594,0.00371499,-0.342321,0.939576
1657911213.269739628,-0.392161,-4.36897,-0.0125343,-0.000508661,0.00380729,-0.34237,0.939557
1657911213.369681358,-0.392876,-4.36884,-0.0075506,-0.000398839,0.00378342,-0.342377,0.939555
1657911213.469629526,-0.393747,-4.3703,-0.0117658,-0.000445371,0.00399393,-0.342364,0.939559
1657911213.570358276,-0.392971,-4.36787,-0.00957793,-0.000494114,0.00373507,-0.342324,0.939574
1657911213.670210838,-0.393503,-4.36873,-0.00857991,-0.000506908,0.00380498,-0.342329,0.939572
1657911213.770172834,-0.393835,-4.36987,-0.00814945,-0.0003885,0.00391555,-0.342393,0.939548
1657911213.870098114,-0.394615,-4.37107,-0.0102102,-0.000476496,0.00381888,-0.342347,0.939566
1657911213.972886324,-0.391893,-4.36865,-0.00595754,-0.000441062,0.00389242,-0.342361,0.939561
1657911214.070027828,-0.394594,-4.36806,-0.0105898,-0.000330117,0.00401148,-0.342414,0.939541
1657911214.170006752,-0.391655,-4.36866,-0.0101119,-0.000419158,0.00391675,-0.34251,0.939506
1657911214.269982100,-0.390376,-4.36988,-0.00992781,-0.000531878,0.00385629,-0.342422,0.939538
1657911214.369962215,-0.390998,-4.3687,-0.00611496,-0.000398949,0.00391207,-0.342342,0.939567
1657911214.469804287,-0.392592,-4.36802,-0.00622475,-0.000193914,0.0041296,-0.342319,0.939575
1657911214.569758177,-0.390099,-4.3678,-0.00805241,-0.000329354,0.00390741,-0.342444,0.93953
1657911214.669740438,-0.391748,-4.36798,-0.00752503,-0.000375074,0.00384441,-0.342386,0.939552
1657911214.769655704,-0.39275,-4.36753,-0.0100816,-0.000424831,0.00393339,-0.342389,0.93955
1657911214.869610071,-0.388723,-4.3703,-0.00752294,-0.000322435,0.00382407,-0.34242,0.939539
1657911214.970223904,-0.393449,-4.3707,-0.00903332,-0.000287661,0.00388008,-0.342362,0.93956
1657911215.070176125,-0.390439,-4.37193,-0.0105222,-0.000515268,0.00401501,-0.342478,0.939517
1657911215.170124054,-0.390634,-4.3704,-0.00685883,-0.000304451,0.00374273,-0.342433,0.939535
1657911215.270081997,-0.39432,-4.37127,-0.0097729,-0.000497296,0.00399145,-0.342351,0.939564
1657911215.370713234,-0.390668,-4.36918,-0.00840646,-0.000541806,0.00377996,-0.342419,0.93954
1657911215.470739365,-0.388693,-4.36908,-0.00926542,-0.000331068,0.00392855,-0.342457,0.939525
1657911215.570661545,-0.389092,-4.37051,-0.0102575,-0.000350858,0.0036785,-0.342464,0.939524
1657911215.672313690,-0.3928,-4.36869,-0.0120907,-0.000475669,0.00384138,-0.342336,0.93957
1657911215.770609617,-0.390021,-4.36872,-0.0118183,-0.000585961,0.00383743,-0.342447,0.939529
1657911215.869776964,-0.393109,-4.37084,-0.00877768,-0.000400149,0.00388577,-0.342205,0.939617
1657911215.969727516,-0.394467,-4.36789,-0.00747234,-0.000397679,0.00388304,-0.342325,0.939574
1657911216.069677114,-0.392729,-4.36689,-0.0105546,-0.0004485,0.00388408,-0.342352,0.939563
1657911216.169629812,-0.389914,-4.3681,-0.0108855,-0.000352404,0.00377192,-0.342378,0.939555
1657911216.269584656,-0.392139,-4.36742,-0.00791854,-0.000392249,0.00371671,-0.342364,0.93956
1657911216.369539261,-0.389621,-4.36664,-0.00754493,-0.000304591,0.00389827,-0.342475,0.939519
1657911216.470149040,-0.393347,-4.36713,-0.00563198,-0.000257369,0.0038116,-0.34235,0.939565
1657911216.570096970,-0.392271,-4.36846,-0.0120261,-0.000501254,0.00382935,-0.342396,0.939548
1657911216.670056820,-0.389436,-4.36958,-0.0122774,-0.000484548,0.00370079,-0.342493,0.939513
1657911216.770727634,-0.391768,-4.36506,-0.00627655,-8.42558e-05,0.00376752,-0.342369,0.939558
1657911216.870677471,-0.387196,-4.37834,-0.00969958,-0.00054963,0.00376386,-0.342464,0.939523
1657911216.970665455,-0.406483,-4.37558,-0.0210649,-0.00130466,0.00465148,-0.343431,0.939165
1657911217.070621014,-0.393352,-4.37524,-0.00847626,-0.000891694,0.00385771,-0.344811,0.938664
1657911217.170551062,-0.398903,-4.37064,-0.00985932,-0.000602571,0.00421217,-0.344521,0.938769
1657911217.270448685,-0.392332,-4.37556,-0.0212744,-0.00113018,0.0036441,-0.344604,0.93874
1657911217.369707108,-0.38415,-4.37872,-0.0257041,-0.00137435,0.00300049,-0.344807,0.938668
1657911217.469759941,-0.393974,-4.37127,-0.0185511,-0.000725266,0.00280886,-0.345256,0.938504
1657911217.569608927,-0.404066,-4.34722,-0.0425829,-0.000168717,0.00241689,-0.345024,0.938591
1657911217.669551849,-0.394476,-4.35604,-0.0514575,-0.000960212,0.000746561,-0.344086,0.938937
1657911217.769505978,-0.367695,-4.37193,-0.06354,-0.00182558,0.000176385,-0.34511,0.938561
1657911217.870143414,-0.371988,-4.38529,-0.0671992,-0.00243492,-0.00145658,-0.34617,0.938167
1657911217.970070839,-0.339197,-4.40149,-0.0788339,-0.00204206,0.000147846,-0.344935,0.938624
1657911218.170696020,-0.313169,-4.43825,-0.0624772,-0.00298389,-0.00229143,-0.34333,0.939207
1657911218.270697117,-0.274855,-4.46468,-0.0813741,-0.00132946,9.95263e-05,-0.339984,0.94043
1657911218.370638371,-0.210131,-4.51088,-0.101113,-0.00204819,-0.00107309,-0.33513,0.942169
1657911218.470635414,-0.178595,-4.54151,-0.0767714,-0.00218675,-0.00234955,-0.33257,0.943073
1657911218.570469379,-0.124443,-4.5681,-0.0926731,-0.00270007,-0.0024272,-0.331992,0.943275
1657911218.670398712,-0.0435129,-4.62614,-0.0808308,-0.00286393,-0.00149356,-0.329004,0.944323
1657911218.770346880,0.0119834,-4.67351,-0.0946073,-0.00348354,-0.00272801,-0.322978,0.946396
1657911218.869633198,0.0719118,-4.72467,-0.111667,-0.0042408,-0.00571404,-0.317866,0.948109
1657911218.970276356,0.150472,-4.76582,-0.113611,-0.00471062,-0.00526991,-0.313792,0.949465
1657911219.070193529,0.205539,-4.80995,-0.102987,-0.00431419,-0.00468907,-0.309188,0.95098
1657911219.170145035,0.278966,-4.88273,-0.0989705,-0.00485076,-0.0040035,-0.301607,0.953411
1657911219.270113945,0.353287,-4.91584,-0.0962709,-0.00591256,-0.00545557,-0.292507,0.956229
1657911219.370053768,0.42858,-4.96936,-0.0951797,-0.0063782,-0.00679931,-0.28281,0.959131
1657911219.470030308,0.510122,-5.01632,-0.0994994,-0.00654352,-0.00781023,-0.27357,0.961798
1657911219.570674896,0.593179,-5.06372,-0.102019,-0.00594791,-0.0069418,-0.263637,0.964579
1657911219.670648098,0.660712,-5.11292,-0.0959368,-0.00511548,-0.00629889,-0.253453,0.967314
1657911219.771180391,0.749947,-5.16094,-0.0869243,-0.00501338,-0.00718453,-0.242202,0.970186
1657911219.871133566,0.827135,-5.21048,-0.0764963,-0.0049421,-0.00761024,-0.229575,0.973249
1657911219.971114635,0.913842,-5.25011,-0.0740796,-0.00456904,-0.00848262,-0.216929,0.97614
1657911220.071032047,1.00449,-5.29001,-0.064153,-0.0037083,-0.00818502,-0.204664,0.978791
1657911220.170987129,1.10475,-5.32974,-0.0579373,-0.00531782,-0.00934813,-0.192506,0.981237
1657911220.270277977,1.20247,-5.36478,-0.0467503,-0.00560169,-0.0102093,-0.179594,0.983672
1657911220.370219707,1.3014,-5.4044,-0.0456079,-0.00569376,-0.0109704,-0.16542,0.986146
1657911220.470165730,1.39945,-5.4269,-0.0475312,-0.00586707,-0.010975,-0.151654,0.988355
1657911220.670066833,1.59977,-5.48337,-0.033613,-0.00681387,-0.00992221,-0.123297,0.992297
1657911220.770076990,1.69627,-5.51169,-0.0169439,-0.00633161,-0.0101284,-0.106446,0.994247
1657911220.870016098,1.79492,-5.53963,-0.0165958,-0.00590366,-0.0112674,-0.0909342,0.995776
1657911220.969992638,1.88709,-5.55231,-0.023332,-0.00492787,-0.0119338,-0.0785076,0.99683
1657911221.070668697,1.99254,-5.56258,-0.0189506,-0.0048755,-0.0105966,-0.0671551,0.997674
1657911221.170752287,2.09638,-5.57881,-0.017989,-0.00340368,-0.0105431,-0.0536756,0.998497
1657911221.270473957,2.20275,-5.59597,-0.00997961,-0.00270115,-0.00887418,-0.0382453,0.999225
1657911221.370393038,2.3121,-5.59388,-0.0050391,-0.00220093,-0.00879443,-0.0229076,0.999696
1657911221.470509529,2.41614,-5.61058,-0.00321525,-0.000459957,-0.00881854,-0.00679218,0.999938
1657911221.570295095,2.51391,-5.60532,0.00478697,-0.00132398,-0.00769199,0.00928364,0.999926
1657911221.670246601,2.62253,-5.59828,0.00876147,-0.00231322,-0.00914244,0.0250358,0.999642
1657911221.770199537,2.72497,-5.59703,0.00625223,-0.00117102,-0.00866057,0.0424163,0.999062
1657911221.870153189,2.83458,-5.59611,0.0165004,-0.00209802,-0.00793649,0.0605096,0.998134
1657911221.970095158,2.9382,-5.5932,0.0272771,-0.00160904,-0.00906696,0.0782801,0.996889
1657911222.070058346,3.04922,-5.58066,0.0412666,-0.000799168,-0.0113492,0.0954162,0.995372
1657911222.170049667,3.15751,-5.56414,0.0426518,0.000362799,-0.0130614,0.112955,0.993514
1657911222.270673752,3.25385,-5.53912,0.0412685,0.000177133,-0.0125594,0.1297,0.991474
1657911222.370650291,3.34493,-5.50481,0.0474778,-0.000694683,-0.012033,0.145179,0.989332
1657911222.470621824,3.44752,-5.47602,0.0486689,-0.00142385,-0.0128773,0.160818,0.986899
1657911222.570472240,3.54152,-5.43375,0.0486552,-0.000662497,-0.0125048,0.177565,0.984029
1657911222.670435667,3.63077,-5.38439,0.0477553,-0.0011489,-0.0111377,0.194853,0.980769
1657911222.770375729,3.71801,-5.34057,0.0594806,-0.00214537,-0.0100619,0.210372,0.977567
1657911222.870323181,3.80797,-5.28942,0.0522003,-0.00237016,-0.0102451,0.225457,0.974196
1657911222.970262527,3.89868,-5.24606,0.0553097,-0.00322297,-0.00995779,0.241517,0.97034
1657911223.070227385,3.98396,-5.19921,0.0658156,-0.00349694,-0.00918729,0.255632,0.966724
1657911223.170199394,4.06976,-5.14301,0.071324,-0.00430236,-0.00808191,0.264617,0.96431
1657911223.270806074,4.15809,-5.0851,0.0724515,-0.00408595,-0.00976694,0.268166,0.963315
1657911223.370736361,4.26238,-5.02249,0.0635551,-0.00374899,-0.0111405,0.269863,0.962827
1657911223.470756531,4.3567,-4.96794,0.0621282,-0.00389544,-0.00905149,0.27519,0.961339
1657911223.570691586,4.46395,-4.91409,0.0603418,-0.00320599,-0.00607227,0.282286,0.959306
1657911223.670009613,4.54942,-4.86222,0.0679494,-0.00329236,-0.00283199,0.287985,0.957625
1657911223.769990206,4.6508,-4.7891,0.0581177,-0.00347071,-0.00377064,0.29134,0.956606
1657911223.869823217,4.74354,-4.7208,0.0537351,-0.00471933,-0.00217538,0.296087,0.955147
1657911223.969776392,4.83572,-4.66044,0.0563899,-0.00696391,0.000696987,0.301418,0.953466
1657911224.069721937,4.92065,-4.59433,0.0634125,-0.00684172,0.00319049,0.306229,0.951928
1657911224.169670105,5.0109,-4.53,0.0742493,-0.00702434,0.00374523,0.310653,0.95049
1657911224.269655466,5.1017,-4.4708,0.0732478,-0.00599414,0.00136704,0.315116,0.949033
1657911224.369573355,5.20567,-4.40374,0.0713727,-0.00508554,0.000755273,0.319536,0.94756
1657911224.470199347,5.30105,-4.32824,0.0585598,-0.00612527,0.00208343,0.322903,0.94641
1657911224.570139408,5.37787,-4.25054,0.0490956,-0.00853639,0.00314453,0.325386,0.945537
1657911224.672430992,5.47329,-4.18502,0.053571,-0.0113566,0.00459378,0.328677,0.944363
1657911224.770734072,5.56638,-4.11403,0.0565965,-0.013007,0.00543175,0.332372,0.943043
1657911224.870703220,5.65632,-4.04787,0.0648772,-0.0136739,0.00581835,0.334533,0.942267
1657911224.970675468,5.75038,-3.97879,0.0657645,-0.0133195,0.00520432,0.334844,0.942165
1657911225.070649147,5.85184,-3.90938,0.0666942,-0.013497,0.00458754,0.335871,0.9418
1657911225.170622349,5.93824,-3.83717,0.0759611,-0.0143711,0.00383725,0.337394,0.941246
1657911225.269821167,6.02469,-3.75689,0.0773616,-0.0143776,0.00146202,0.338325,0.940918
1657911225.369746208,6.12136,-3.68211,0.0664811,-0.0133491,-0.00261872,0.338852,0.940741
1657911225.469696522,6.22011,-3.60807,0.0922672,-0.0141465,-0.0039665,0.340039,0.940297
1657911225.669591904,6.40004,-3.46279,0.0864933,-0.0131444,-0.00563877,0.341481,0.93978
1657911225.769605637,6.48948,-3.39254,0.093941,-0.0130407,-0.00392481,0.340656,0.940089
1657911225.870167255,6.57929,-3.32164,0.0918649,-0.0138282,-0.000212762,0.339897,0.940361
1657911225.970126152,6.66741,-3.24054,0.0992914,-0.0163436,0.00131012,0.338313,0.940891
1657911226.070734978,6.76131,-3.16984,0.0760309,-0.01741,0.0038788,0.336703,0.941442
1657911226.170708895,6.82688,-3.09787,0.10685,-0.0213197,0.0190675,0.341229,0.939545
1657911226.270741463,6.80222,-3.1095,0.1602,-0.0271248,0.0282656,0.351593,0.935333
1657911226.470638275,6.81149,-3.12333,0.127473,-0.017269,0.00717092,0.359213,0.933068
1657911226.570489407,6.83793,-3.12709,0.111866,-0.0152828,0.00239966,0.355441,0.934571
1657911226.770385265,6.83804,-3.10702,0.125951,-0.0186943,0.00989954,0.356423,0.934085
1657911226.870343924,6.80963,-3.07685,0.157144,-0.0177439,0.00927692,0.354875,0.934699
1657911226.972100496,6.84946,-3.03214,0.121807,-0.00957611,-0.00948193,0.347015,0.937763
1657911227.070899487,6.92945,-3.02195,0.0966359,-0.0101033,-0.010828,0.334162,0.942399
1657911227.270135880,7.04979,-2.88122,0.128674,-0.0135266,0.00531025,0.325527,0.945421
1657911227.369450092,7.14968,-2.83022,0.116867,-0.0117099,0.00240304,0.325417,0.945495
1657911227.469375610,7.23358,-2.76464,0.120453,-0.0143095,0.0034718,0.319917,0.947331
1657911227.669266224,7.42588,-2.62923,0.129454,-0.0154862,7.98192e-05,0.311134,0.95024
1657911227.769991398,7.50146,-2.56889,0.13669,-0.0146673,-0.000651235,0.308201,0.951208
1657911227.869952202,7.57412,-2.50917,0.13468,-0.0128408,-0.00361962,0.304589,0.95239
1657911227.970461369,7.66433,-2.43526,0.130048,-0.0116583,-0.00488509,0.30082,0.953597
1657911228.070415735,7.76112,-2.37285,0.138289,-0.011984,-0.00444774,0.297559,0.954618
1657911228.171025753,7.84538,-2.31784,0.146407,-0.0113515,-0.00484425,0.293358,0.955923
1657911228.270974398,7.93301,-2.25157,0.144455,-0.0114944,-0.00656214,0.288422,0.957412
1657911228.370960236,8.01914,-2.19035,0.152633,-0.0119209,-0.00750174,0.28377,0.958789
1657911228.470204353,8.10722,-2.13069,0.154744,-0.0124166,-0.00875815,0.279563,0.960007
1657911228.570160389,8.2007,-2.07959,0.155493,-0.0127673,-0.00967447,0.27555,0.961153
1657911228.670120239,8.29062,-2.0253,0.150714,-0.0128322,-0.0105265,0.271405,0.962322
1657911228.770068645,8.388,-1.96271,0.150945,-0.0119042,-0.0121337,0.267261,0.963474
1657911228.869345665,8.48813,-1.90143,0.155354,-0.010947,-0.0122986,0.26342,0.964541
1657911228.969508648,8.57995,-1.84468,0.158704,-0.0102047,-0.012026,0.258673,0.965836
1657911229.069991112,8.66999,-1.79049,0.164279,-0.0100798,-0.0118114,0.253308,0.967261
1657911229.169971943,8.76344,-1.73496,0.171045,-0.00984239,-0.0110775,0.248291,0.968572
1657911229.269824028,8.86016,-1.68752,0.168062,-0.00859762,-0.0109183,0.244204,0.969624
1657911229.370437145,8.95192,-1.63596,0.175153,-0.00749213,-0.0104512,0.239904,0.970712
1657911229.470407963,9.04459,-1.59227,0.17744,-0.00606976,-0.0106905,0.234886,0.971945
1657911229.570996761,9.1427,-1.53974,0.17691,-0.00490338,-0.0115675,0.230149,0.973074
1657911229.670944691,9.23672,-1.48592,0.178712,-0.00287404,-0.0136521,0.225885,0.974054
1657911229.770900488,9.33124,-1.44103,0.180137,-0.00160771,-0.0151253,0.222453,0.974825
1657911229.870853424,9.41688,-1.392,0.182771,-0.000302505,-0.0158741,0.218484,0.975711
1657911229.970133305,9.51552,-1.33968,0.177863,0.000787686,-0.0174843,0.213726,0.976737
1657911230.070097923,9.62221,-1.3055,0.185884,0.00166847,-0.0176864,0.208511,0.977859
1657911230.170050621,9.72037,-1.26338,0.179823,0.00347492,-0.016965,0.20412,0.978793
1657911230.271969557,9.81956,-1.2213,0.186813,0.00638834,-0.0182391,0.199324,0.979743
1657911230.370016813,9.92331,-1.17899,0.198098,0.00807849,-0.0168092,0.19325,0.980972
1657911230.469976425,10.0194,-1.1405,0.206814,0.00797569,-0.0139668,0.187361,0.982159
1657911230.569976091,10.1204,-1.10058,0.221895,0.00724368,-0.0127505,0.180628,0.983442
1657911230.669785976,10.2139,-1.06217,0.216863,0.00599328,-0.0119705,0.174986,0.98448
1657911230.770413399,10.3245,-1.03308,0.210926,0.00531061,-0.0113067,0.169503,0.98545
1657911230.870356083,10.3975,-1.00543,0.241363,0.00449522,-0.00570499,0.1643,0.986384
1657911230.970314980,10.3811,-0.995711,0.23315,0.00228917,0.0156028,0.160011,0.986989
1657911231.070261240,10.3832,-0.983316,0.228191,0.00376368,0.00319041,0.156977,0.98759
1657911231.370178223,10.4091,-0.997949,0.20472,0.00645508,-0.0170902,0.164717,0.986172
1657911231.670691967,10.4184,-0.966305,0.179269,0.00369181,-0.00691521,0.164312,0.986377
1657911231.770658731,10.4543,-0.934349,0.182987,0.00759218,-0.0204933,0.154588,0.987737
1657911231.871187687,10.5545,-0.93288,0.196531,0.0069919,-0.0303354,0.149236,0.988311
1657911232.070441246,10.7006,-0.865246,0.224738,0.0065384,-0.0117007,0.14471,0.989383
1657911232.270395517,10.8968,-0.820653,0.224103,0.00533658,-0.0160522,0.139305,0.990105
1657911232.370290756,10.9973,-0.800764,0.220922,0.00378955,-0.0154682,0.135155,0.990696
1657911232.469558716,11.0921,-0.77604,0.226483,0.00441068,-0.0151529,0.130599,0.99131
1657911232.569510937,11.2063,-0.763814,0.221423,0.00508272,-0.0154717,0.128012,0.991639
1657911232.669493914,11.2878,-0.753026,0.257633,0.00389912,-0.0119991,0.125219,0.992049
1657911232.769409657,11.2873,-0.74848,0.241687,0.00304957,0.0108586,0.12328,0.992308
1657911232.869361162,11.2659,-0.747487,0.252435,0.00313238,-0.000726125,0.123711,0.992313
1657911233.070011139,11.2681,-0.756072,0.200992,0.00372307,-0.0128482,0.12949,0.99149
1657911233.170645952,11.2941,-0.743364,0.215167,0.00478003,-0.0198346,0.129241,0.991403
1657911233.270619869,11.3083,-0.739726,0.227187,0.00499471,-0.0174824,0.129181,0.991454
1657911233.370463371,11.3042,-0.738813,0.207593,0.00304037,-0.012696,0.129119,0.991543
1657911233.471069336,11.3329,-0.71212,0.190219,0.00378729,-0.0164972,0.128023,0.991627
1657911233.571015358,11.4167,-0.671805,0.241169,0.00613543,-0.0362896,0.123526,0.991659
1657911233.670987606,11.491,-0.664274,0.236588,0.00341664,-0.0248726,0.11871,0.992612
1657911233.770924568,11.5695,-0.644798,0.239826,0.00113582,-0.0160298,0.114946,0.993242
1657911233.870203972,11.611,-0.658578,0.249938,-0.000398266,-0.00220252,0.116603,0.993176
1657911233.969483852,11.5908,-0.663269,0.274115,-0.00180657,0.0102917,0.11928,0.992806
1657911234.168715239,11.576,-0.684871,0.245699,-0.000110381,-0.0126871,0.122066,0.992441
1657911234.269335032,11.5849,-0.677616,0.237038,0.000905772,-0.013635,0.1225,0.992374
1657911234.469988823,11.6243,-0.674492,0.23654,8.55793e-05,-0.0151479,0.1218,0.992439
1657911234.569964647,11.6202,-0.672907,0.240282,-0.000227348,-0.0104757,0.120974,0.9926
1657911234.670527458,11.6187,-0.66908,0.247684,0.000708395,-0.0106017,0.120852,0.992614
1657911234.770461798,11.6058,-0.669278,0.255233,0.000780154,-0.00925513,0.121428,0.992557
1657911234.874524355,11.5964,-0.670559,0.247402,-6.7456e-06,-0.00932355,0.121487,0.992549
1657911234.971014500,11.5816,-0.664585,0.247768,0.000148997,-0.00938114,0.121499,0.992547
1657911235.070939541,11.5905,-0.656912,0.251611,0.00080631,-0.0121037,0.121818,0.992478
1657911235.170228958,11.596,-0.659732,0.249376,0.00047225,-0.0117367,0.12173,0.992494
1657911235.272847176,11.596,-0.665135,0.24643,2.30596e-05,-0.01014,0.121601,0.992527
1657911235.370268345,11.5933,-0.668667,0.25252,0.0003679,-0.00898965,0.121709,0.992525
1657911235.469413757,11.5751,-0.646189,0.260617,0.00101787,-0.00889434,0.121682,0.992529
1657911235.569362402,11.5757,-0.640565,0.258271,0.0010223,-0.0104779,0.121756,0.992504
1657911235.669310331,11.5881,-0.645516,0.26214,0.00110423,-0.0114166,0.121554,0.992519
1657911235.769261837,11.5935,-0.656712,0.267903,0.00169649,-0.0108631,0.121612,0.992517
1657911235.870010138,11.5896,-0.652223,0.274231,0.00201281,-0.0097164,0.121697,0.992518
1657911235.969836235,11.582,-0.648294,0.271526,0.00187775,-0.00957717,0.121651,0.992525
1657911236.070487976,11.5851,-0.642935,0.268718,0.00184032,-0.0108312,0.121641,0.992513
1657911236.170399904,11.5918,-0.645572,0.273055,0.00225079,-0.0116309,0.121539,0.992516
1657911236.270356655,11.5895,-0.648693,0.279384,0.00263361,-0.0107569,0.121689,0.992506
1657911236.370968580,11.5842,-0.646234,0.274433,0.00221847,-0.00986195,0.121503,0.99254
1657911236.470916510,11.5845,-0.638154,0.280187,0.00285932,-0.010565,0.121292,0.992557
1657911236.570865393,11.5873,-0.632266,0.272501,0.00280296,-0.0116152,0.121117,0.992566
1657911236.670352697,11.5925,-0.635628,0.268606,0.00292261,-0.0126164,0.121023,0.992565
1657911236.770102501,11.6095,-0.629306,0.264212,0.00336944,-0.0135277,0.120342,0.992635
1657911236.870108366,11.639,-0.624395,0.270012,0.00407116,-0.0168893,0.120508,0.99256
1657911236.970038891,11.6685,-0.617054,0.265497,0.00379709,-0.0169382,0.120357,0.992579
1657911237.070017338,11.7059,-0.603934,0.26478,0.00363243,-0.0187182,0.119202,0.992687
1657911237.169995546,11.7557,-0.598451,0.262508,0.00405924,-0.0201602,0.118085,0.992791
1657911237.270855904,11.7959,-0.582087,0.248003,0.00298523,-0.0207791,0.115712,0.993061
1657911237.470425129,11.9253,-0.553288,0.258344,0.00346484,-0.0218576,0.109324,0.99376
1657911237.672421455,12.0854,-0.549646,0.253466,0.00412497,-0.0217668,0.104779,0.994249
1657911237.871070385,12.2009,-0.520499,0.240078,0.00413227,-0.0177569,0.0930624,0.995493
1657911237.970835447,12.274,-0.505585,0.24426,0.00477515,-0.0170594,0.0859814,0.996139
1657911238.070785761,12.3516,-0.500683,0.236823,0.00412129,-0.0157671,0.0789464,0.996746
1657911238.172102451,12.4186,-0.486788,0.234701,0.00285417,-0.0135261,0.0717273,0.997328
1657911238.274555206,12.4756,-0.469483,0.230866,0.00189438,-0.0108904,0.0633108,0.997933
1657911238.370036125,12.5414,-0.456632,0.235052,0.000995782,-0.0101015,0.0544659,0.998464
1657911238.469261169,12.6054,-0.448159,0.239662,0.000446174,-0.00868037,0.0454474,0.998929
1657911238.569210768,12.6829,-0.440292,0.239395,-0.000324633,-0.00880913,0.0353277,0.999337
1657911238.669830084,12.7675,-0.436283,0.23099,-0.00065928,-0.00792927,0.0235933,0.99969
1657911238.769774437,12.8485,-0.436043,0.216908,-0.00208221,-0.00651856,0.010862,0.999918
1657911238.870396137,12.9366,-0.437457,0.215732,-0.00386628,-0.00456684,-0.00278902,0.999978
1657911238.970380306,13.009,-0.433077,0.203317,-0.0055553,-0.00358458,-0.0166685,0.999839
1657911239.070964336,13.0902,-0.426777,0.205272,-0.0058651,-0.00138528,-0.0308516,0.999506
1657911239.170922756,13.1697,-0.432093,0.204592,-0.00664611,-0.000221656,-0.0461155,0.998914
1657911239.270871639,13.2587,-0.436069,0.204321,-0.00701748,1.57157e-05,-0.0608165,0.998124
1657911239.370813847,13.3515,-0.436446,0.204837,-0.00644704,-0.000687023,-0.0742824,0.997216
1657911239.470768452,13.4453,-0.457308,0.187502,-0.00830283,-0.00309433,-0.0857403,0.996278
1657911239.570061684,13.5315,-0.47556,0.186907,-0.00763337,-0.00359082,-0.0953096,0.995412
1657911239.669335127,13.6205,-0.493982,0.185526,-0.00762785,-0.00409112,-0.105267,0.994406
1657911239.769281387,13.7232,-0.502666,0.183601,-0.00821964,-0.00559028,-0.117174,0.993062
1657911239.869236708,13.8557,-0.538646,0.176377,-0.00934671,-0.00564986,-0.129331,0.991541
1657911239.969182253,13.9486,-0.563623,0.181882,-0.0108099,-0.00399505,-0.141469,0.989876
1657911240.069168091,14.0375,-0.589913,0.18769,-0.0113251,-0.00315541,-0.154386,0.987941
1657911240.169749737,14.1626,-0.634445,0.182696,-0.0107317,-0.00460037,-0.166486,0.985975
1657911240.270369291,14.2649,-0.666521,0.176813,-0.0124152,-0.00380804,-0.178759,0.983807
1657911240.370334148,14.3739,-0.705139,0.174264,-0.0125178,-0.0010206,-0.190525,0.981602
1657911240.570886374,14.5817,-0.792293,0.180155,-0.010962,0.00203306,-0.209813,0.977678
1657911240.670836449,14.6851,-0.843043,0.176977,-0.0109915,0.00206799,-0.218393,0.975797
1657911240.770833731,14.7781,-0.891785,0.176896,-0.0107107,0.00416268,-0.226834,0.973866
1657911240.870821953,14.8812,-0.940041,0.182674,-0.00992877,0.00600522,-0.235733,0.971749
1657911240.970057011,14.9733,-0.989225,0.173826,-0.0102769,0.00631116,-0.24456,0.969559
1657911241.070047379,15.0673,-1.04585,0.166627,-0.00999919,0.00661653,-0.252787,0.967448
1657911241.170002937,15.1596,-1.09703,0.152039,-0.00975339,0.00628591,-0.260342,0.965447
1657911241.269222736,15.2668,-1.1574,0.150703,-0.00717616,0.00815725,-0.265324,0.964098
1657911241.369172335,15.3534,-1.21175,0.165451,-0.00424661,0.0105889,-0.266794,0.963686
1657911241.469107151,15.4411,-1.26105,0.174067,-0.00331773,0.00989059,-0.270323,0.962713
1657911241.569725037,15.5377,-1.31842,0.182449,-0.00280844,0.00797801,-0.275622,0.961229
1657911241.669676304,15.6329,-1.37738,0.176223,-0.00403454,0.0075465,-0.281053,0.959654
1657911241.770292282,15.7324,-1.43665,0.173223,-0.00415834,0.00577869,-0.28559,0.958325
1657911241.870909214,15.8182,-1.50092,0.167719,-0.00411581,0.00679628,-0.289655,0.957098
1657911241.970861435,15.9177,-1.56287,0.176739,-0.00342021,0.00649402,-0.293852,0.955823
1657911242.070838928,16.0049,-1.62693,0.189229,-0.00248162,0.00340396,-0.29846,0.954413
1657911242.172300816,16.0918,-1.68159,0.188858,-0.00106263,0.000402197,-0.303187,0.95293
1657911242.270736456,16.1873,-1.74483,0.202551,-0.00112859,-0.000637753,-0.307799,0.951451
1657911242.370709896,16.2721,-1.80398,0.207724,-0.00115957,-0.00155758,-0.312365,0.94996
1657911242.470082760,16.3556,-1.86358,0.19545,-0.00231097,-0.00367174,-0.316202,0.948682
1657911242.570013523,16.4532,-1.92895,0.205815,-0.00267298,-0.00500487,-0.319567,0.947547
1657911242.669177532,16.5462,-1.99617,0.216008,-0.00361893,-0.00643257,-0.320951,0.947067
1657911242.769127846,16.6388,-2.06953,0.217383,-0.00416952,-0.00845674,-0.320375,0.947244
1657911242.869086027,16.723,-2.13147,0.224453,-0.00547164,-0.00924917,-0.320473,0.947197
1657911242.969054222,16.8037,-2.18858,0.228702,-0.00606549,-0.0103228,-0.32246,0.946508
1657911243.069679737,16.8888,-2.25945,0.2342,-0.00573708,-0.0108394,-0.323552,0.946131
1657911243.170365334,16.9774,-2.33104,0.250599,-0.00543762,-0.0119996,-0.323668,0.946079
1657911243.270226002,17.0632,-2.39416,0.277295,-0.00500894,-0.0128541,-0.324382,0.945825
1657911243.471442461,17.2247,-2.52317,0.293358,-0.00570742,-0.0157226,-0.326869,0.944922
1657911243.571397781,17.3086,-2.58869,0.291892,-0.00548163,-0.0155701,-0.329152,0.944133
1657911243.671346664,17.3991,-2.66524,0.303092,-0.0057639,-0.0163678,-0.331943,0.94314
1657911243.771299839,17.485,-2.72651,0.314502,-0.00619148,-0.0168047,-0.335931,0.941716
1657911243.870667934,17.5663,-2.79445,0.309626,-0.00543875,-0.0172964,-0.339237,0.940526
1657911243.969983816,17.6436,-2.86615,0.305279,-0.00548163,-0.0184724,-0.341716,0.939606
1657911244.069827557,17.7191,-2.93613,0.301208,-0.00366164,-0.0185178,-0.34421,0.938703
1657911244.169101477,17.805,-3.00992,0.307792,-0.00248406,-0.0177605,-0.347311,0.937579
1657911244.271565914,17.8915,-3.0836,0.308297,-0.0019635,-0.0176488,-0.350368,0.936444
1657911244.369014502,17.9782,-3.15578,0.301845,-0.000883055,-0.0167913,-0.352669,0.935597
1657911244.469623566,18.0595,-3.23837,0.301088,0.000379993,-0.01659,-0.354751,0.934814
1657911244.569574594,18.1483,-3.30567,0.304318,0.00132124,-0.0158379,-0.358106,0.933546
1657911244.670193195,18.2309,-3.37533,0.312764,0.00201522,-0.0149407,-0.361348,0.932309
1657911244.770806551,18.3126,-3.44585,0.321783,0.00289567,-0.0147179,-0.363621,0.931426
1657911244.871422768,18.388,-3.51809,0.310157,0.00259329,-0.0133029,-0.366351,0.930378
1657911244.971371174,18.4708,-3.60166,0.30462,0.00358206,-0.0125367,-0.368651,0.929477
1657911245.071328163,18.5561,-3.68175,0.303343,0.0050132,-0.0127204,-0.370715,0.928646
1657911245.171279669,18.6434,-3.76556,0.296294,0.00600904,-0.0126121,-0.373124,0.927676
1657911245.271253109,18.718,-3.83972,0.307927,0.00734841,-0.011838,-0.376311,0.926389
1657911245.370630264,18.794,-3.91534,0.316252,0.00770641,-0.012244,-0.379959,0.92489
1657911245.469798088,18.8764,-3.9991,0.310885,0.00803392,-0.0120838,-0.382608,0.923797
1657911245.571156502,18.9582,-4.07964,0.299588,0.00861971,-0.00888745,-0.385033,0.92282
1657911245.669694424,19.0351,-4.16445,0.3,0.00983909,-0.0067222,-0.387644,0.921732
1657911245.768985271,19.1084,-4.25405,0.297278,0.00994667,-0.00516384,-0.390375,0.920588
1657911245.869596243,19.1878,-4.32305,0.304595,0.0101872,-0.00393755,-0.393558,0.919235
1657911245.969547749,19.2633,-4.40007,0.309197,0.00832884,-0.00447595,-0.396579,0.917952
1657911246.070167065,19.349,-4.48189,0.303734,0.00762282,-0.00355738,-0.399645,0.916632
1657911246.170116663,19.417,-4.56451,0.293275,0.00735703,-0.00228523,-0.401656,0.915758
1657911246.270741940,19.4878,-4.64721,0.303898,0.00868864,-0.00066915,-0.403331,0.915013
1657911246.370748281,19.5587,-4.73712,0.312379,0.00963484,-0.00258354,-0.404906,0.914304
1657911246.471292973,19.6417,-4.81604,0.317589,0.00819306,-0.00614075,-0.408116,0.912872
1657911246.671209812,19.7907,-4.97885,0.335151,0.008139,-0.00775009,-0.412973,0.910674
1657911246.770484447,19.8677,-5.05882,0.342477,0.00605546,-0.0102491,-0.41565,0.909447
1657911246.870452404,19.9448,-5.14615,0.349044,0.00615404,-0.00889222,-0.418253,0.908266
1657911246.970396042,20.009,-5.22806,0.346425,0.00616347,-0.00747093,-0.419843,0.907545
1657911247.069671154,20.0719,-5.3105,0.338268,0.00587635,-0.00966213,-0.42152,0.906749
1657911247.169625282,20.1424,-5.40207,0.338318,0.00714114,-0.0108259,-0.42347,0.905817
1657911247.269585609,20.2205,-5.48408,0.345807,0.00833622,-0.0101591,-0.4266,0.904345
1657911247.372535229,20.2925,-5.57217,0.351292,0.00993951,-0.00782399,-0.429329,0.90306
1657911247.469490290,20.359,-5.66174,0.347973,0.0103819,-0.00640667,-0.431157,0.902195
1657911247.570088387,20.4346,-5.75264,0.34315,0.0112431,-0.00438823,-0.433146,0.901243
1657911247.670063019,20.4973,-5.83546,0.341495,0.0114078,-0.00203167,-0.435849,0.899945
1657911247.770705700,20.576,-5.93186,0.342353,0.0105361,-0.00203068,-0.438376,0.898728
1657911247.870697260,20.6479,-6.01556,0.337622,0.01134,-0.00113149,-0.439765,0.89804
1657911247.970675468,20.7078,-6.09785,0.338091,0.0125716,0.00285815,-0.440082,0.897865
1657911248.070516586,20.7881,-6.18691,0.346171,0.0124202,0.00155224,-0.437755,0.899007
1657911248.170488834,20.8555,-6.27655,0.355416,0.0127074,0.00127352,-0.434989,0.900345
1657911248.270420074,20.9199,-6.36193,0.356714,0.0131849,0.0022778,-0.433542,0.901034
1657911248.370366096,20.9983,-6.46131,0.354992,0.0127912,-6.23729e-06,-0.43152,0.902013
1657911248.470339298,21.077,-6.55496,0.361103,0.0120074,-0.00141861,-0.429553,0.902961
1657911248.570263147,21.1484,-6.63264,0.356073,0.0131947,0.000392635,-0.426537,0.904374
1657911248.670215607,21.2278,-6.7143,0.36314,0.012191,-0.00278025,-0.422255,0.906391
1657911248.770166159,21.2937,-6.80733,0.361736,0.0116021,-0.00302512,-0.418158,0.908295
1657911248.870115042,21.367,-6.89751,0.361229,0.0123295,-0.00300852,-0.414327,0.91004
1657911248.970076561,21.4402,-6.98115,0.36575,0.013539,-0.00168027,-0.411003,0.911532
1657911249.070718527,21.517,-7.06002,0.374714,0.0133654,-0.00186848,-0.408016,0.912875
1657911249.170691490,21.5872,-7.1337,0.382319,0.0128789,-0.00261398,-0.403813,0.914747
1657911249.270663738,21.6579,-7.21282,0.386203,0.0119847,-0.00214377,-0.400188,0.916352
1657911249.370653629,21.7414,-7.29803,0.385403,0.0106388,-0.00197512,-0.396913,0.917792
1657911249.470518589,21.8149,-7.37597,0.396973,0.0109988,-0.000531459,-0.392463,0.919702
1657911249.570435524,21.8856,-7.45897,0.388774,0.010792,0.000240309,-0.387176,0.921943
1657911249.770335674,22.025,-7.60035,0.389988,0.0122249,-0.00438523,-0.375523,0.926722
1657911249.870537758,22.1057,-7.67749,0.398874,0.0133607,-0.00502152,-0.370557,0.9287
1657911249.970240116,22.1852,-7.7517,0.404463,0.0133374,-0.00546885,-0.364746,0.930996
1657911250.070183277,22.2701,-7.82528,0.412433,0.0143689,-0.00402766,-0.357999,0.933603
1657911250.170139313,22.3438,-7.88994,0.419377,0.0137693,-0.00355255,-0.351527,0.93607
1657911250.271849155,22.427,-7.95745,0.430217,0.0129744,-0.00497967,-0.344649,0.938629
1657911250.370066166,22.5081,-8.01918,0.435381,0.0120771,-0.0044605,-0.33742,0.941266
1657911250.470045805,22.592,-8.08714,0.441191,0.0111351,-0.00537152,-0.329118,0.944208
1657911250.570053101,22.674,-8.15829,0.443307,0.0112401,-0.00613063,-0.319386,0.947538
1657911250.670671701,22.7613,-8.22586,0.445832,0.0117804,-0.00457095,-0.309498,0.950816
1657911250.770510197,22.8506,-8.29037,0.447677,0.0110684,-0.00656818,-0.30091,0.953566
1657911250.870463371,22.9445,-8.35923,0.450751,0.011066,-0.00647529,-0.291941,0.95635
1657911250.970407009,23.0372,-8.41914,0.45745,0.0116232,-0.00369325,-0.282364,0.95923
1657911251.070361376,23.1419,-8.48993,0.439806,0.0101103,-0.00238043,-0.275088,0.961363
1657911251.170973778,23.2333,-8.54593,0.433433,0.0107653,0.000846724,-0.278075,0.960499
1657911251.270923615,23.3249,-8.6051,0.437921,0.0121935,0.00507816,-0.282637,0.959136
1657911251.370884418,23.4226,-8.66968,0.440737,0.0124203,0.00614388,-0.281442,0.959478
1657911251.470159054,23.5145,-8.72445,0.428817,0.012288,0.0084154,-0.279414,0.960055
1657911251.570142031,23.6086,-8.78216,0.412042,0.0123634,0.0127725,-0.278379,0.960307
1657911251.670080662,23.7143,-8.83968,0.39925,0.0135325,0.0173875,-0.276559,0.960744
1657911251.769802809,23.8076,-8.90224,0.407074,0.0133645,0.0240234,-0.275348,0.960952
1657911251.869294643,23.9004,-8.96143,0.407652,0.0130004,0.025515,-0.274245,0.961233
1657911251.969245434,24,-9.02137,0.402522,0.012595,0.0226204,-0.272067,0.96193
1657911252.069976807,24.0963,-9.08207,0.406755,0.01431,0.0235126,-0.269312,0.96266
1657911252.172147036,24.1741,-9.12821,0.428201,0.014704,0.023214,-0.269009,0.962745
1657911252.270439148,24.2847,-9.18437,0.44675,0.0121083,0.0190559,-0.269627,0.9627
1657911252.370388508,24.3678,-9.24277,0.441247,0.00854238,0.0143496,-0.268936,0.963013
1657911252.470993519,24.4529,-9.29908,0.428066,0.00508091,0.00295205,-0.267222,0.963617
1657911252.570974350,24.5486,-9.36017,0.42662,0.00142641,-0.00754006,-0.266089,0.963918
1657911252.670897484,24.6371,-9.41324,0.428718,-0.000301773,-0.0172887,-0.264488,0.964234
1657911252.770842552,24.7313,-9.47682,0.430976,3.94319e-05,-0.0242725,-0.261479,0.964904
1657911252.872706890,24.8402,-9.54265,0.430707,0.00330191,-0.026502,-0.257524,0.965903
1657911252.970339775,24.944,-9.59933,0.441789,0.0060287,-0.0264949,-0.256464,0.966172
1657911253.070297718,25.0494,-9.64844,0.440666,0.00558488,-0.0238846,-0.259512,0.965428
1657911253.170041084,25.1439,-9.70449,0.438345,0.00431487,-0.0170848,-0.262501,0.964771
1657911253.270034075,25.2383,-9.76499,0.443225,0.00409697,-0.0089549,-0.262977,0.964752
1657911253.369994879,25.3337,-9.81557,0.441296,0.00205362,-0.00447665,-0.264824,0.964284
1657911253.470980406,25.4226,-9.86276,0.43473,0.00373903,0.0023351,-0.268044,0.963397
1657911253.569794178,25.5075,-9.91623,0.445662,0.00681223,0.00811953,-0.269031,0.963073
1657911253.669775486,25.596,-9.97547,0.446956,0.0087944,0.00683599,-0.269175,0.963027
1657911253.769680977,25.6884,-10.0318,0.45462,0.00988724,0.00304445,-0.273356,0.961857
1657911253.871354342,25.7881,-10.0888,0.46959,0.00856005,0.00106615,-0.27946,0.960119
1657911253.970258236,25.8862,-10.1516,0.461339,0.00521329,-0.00476402,-0.282502,0.959241
1657911254.070209265,25.9768,-10.2259,0.458925,0.00234805,-0.0097679,-0.283575,0.958897
1657911254.170162678,26.0572,-10.2758,0.459907,0.000590005,-0.012612,-0.28664,0.957955
1657911254.270116329,26.151,-10.3279,0.457722,-0.000703249,-0.0170553,-0.289817,0.95693
1657911254.370080948,26.2478,-10.3965,0.462581,-0.000575183,-0.020321,-0.29043,0.95668
1657911254.470052481,26.3462,-10.4551,0.466097,0.00120229,-0.0183732,-0.291348,0.95644
1657911254.570027828,26.4426,-10.5205,0.472768,0.00183683,-0.0161204,-0.293319,0.955877
1657911254.670062542,26.5393,-10.5814,0.480174,0.00189883,-0.0138167,-0.29492,0.95542
1657911254.769974709,26.629,-10.6485,0.478378,0.0014427,-0.0112203,-0.295825,0.955175
1657911254.869824409,26.7238,-10.7159,0.487515,0.00043853,-0.0108028,-0.297136,0.954774
1657911254.970439196,26.8065,-10.7711,0.481464,0.00127289,-0.00607241,-0.299943,0.953937
1657911255.070409775,26.8969,-10.8271,0.487602,0.00485718,0.00131257,-0.301789,0.953361
1657911255.170341253,26.9887,-10.8919,0.483978,0.00685568,0.00283557,-0.302252,0.953199
1657911255.270281553,27.0821,-10.9658,0.485135,0.00828371,0.00407379,-0.30502,0.952301
1657911255.370892763,27.1758,-11.0305,0.496012,0.00940598,0.00598358,-0.309052,0.95098
1657911255.470843077,27.2809,-11.1088,0.504354,0.00859046,0.00619482,-0.312727,0.949784
1657911255.570794582,27.3655,-11.1742,0.496701,0.00762495,0.00692031,-0.315157,0.948984
1657911255.670778513,27.4416,-11.2288,0.481174,0.00659715,0.00746578,-0.318204,0.94797
1657911255.770306587,27.5262,-11.2898,0.481138,0.00634952,0.00626857,-0.32155,0.946851
1657911255.970016956,27.7085,-11.4324,0.482702,0.00404772,0.00261817,-0.324945,0.945721
1657911256.069982290,27.8014,-11.5004,0.481067,0.00459559,0.00142343,-0.32678,0.945088
1657911256.169828892,27.8859,-11.5668,0.477038,0.00371249,0.00238938,-0.329385,0.944185
1657911256.269778490,27.9737,-11.6406,0.477484,0.00426746,0.00175416,-0.331887,0.943308
1657911256.370409012,28.0619,-11.7091,0.472365,0.00347288,0.00187153,-0.334324,0.94245
1657911256.470357418,28.1446,-11.7821,0.465334,0.00340516,0.0025708,-0.337396,0.941353
1657911256.570410728,28.2423,-11.8568,0.467531,0.00406896,0.00206998,-0.340122,0.94037
1657911256.670966387,28.3212,-11.9268,0.463691,0.00423137,0.00369274,-0.342741,0.939413
1657911256.773973465,28.4022,-11.9969,0.47037,0.00474009,0.00511404,-0.345498,0.938393
1657911256.870826721,28.4877,-12.0661,0.472799,0.00516569,0.00598474,-0.348056,0.93744
1657911256.970761776,28.5773,-12.1428,0.459027,0.00411118,0.00579483,-0.351205,0.936272
1657911257.070740223,28.6665,-12.2226,0.461486,0.00386172,0.00466986,-0.354446,0.935057
1657911257.170714855,28.7568,-12.3025,0.462043,0.00434429,0.00513179,-0.356891,0.934122
1657911257.270727634,28.8346,-12.3797,0.457033,0.00490159,0.00690632,-0.360536,0.932707
1657911257.370669365,28.9186,-12.4558,0.446053,0.00566967,0.0071728,-0.365986,0.930575
1657911257.470637798,28.9934,-12.5265,0.443917,0.00570575,0.00545165,-0.372773,0.927889
1657911257.570481300,29.0815,-12.612,0.440781,0.00550098,0.00678476,-0.379699,0.925069
1657911257.670432568,29.1658,-12.6907,0.440808,0.00559943,0.00744496,-0.383987,0.923291
1657911257.771406651,29.2445,-12.7668,0.444117,0.00616666,0.00910866,-0.388045,0.921575
1657911257.870336056,29.3207,-12.8519,0.440454,0.00649093,0.010696,-0.390727,0.920422
1657911257.970281124,29.397,-12.9413,0.435167,0.00716703,0.00886366,-0.393266,0.919354
1657911258.070229530,29.4795,-13.0382,0.432772,0.00735641,0.00791221,-0.396663,0.917901
1657911258.172303438,29.5472,-13.1089,0.437123,0.0095426,0.0104848,-0.400854,0.916032
1657911258.270131588,29.6254,-13.1931,0.43741,0.0104475,0.0109331,-0.405209,0.914099
1657911258.370754719,29.7019,-13.2694,0.436134,0.00941949,0.0109671,-0.409458,0.912214
1657911258.470724106,29.7694,-13.351,0.430867,0.00855343,0.0116592,-0.414485,0.909941
1657911258.570700169,29.8464,-13.4287,0.426695,0.00774495,0.00921078,-0.418836,0.907982
1657911258.670681715,29.9148,-13.5143,0.436742,0.00801169,0.00860708,-0.423024,0.906042
1657911258.769990921,29.9806,-13.5971,0.423788,0.00892258,0.0119093,-0.427099,0.904082
1657911258.869858503,30.0521,-13.6903,0.421806,0.00968802,0.0108302,-0.431648,0.901925
1657911258.970953465,30.1294,-13.7971,0.414126,0.00800416,0.00921682,-0.436705,0.899522
1657911259.069743156,30.2127,-13.89,0.414761,0.00821773,0.00909913,-0.441232,0.89731
1657911259.269633770,30.3469,-14.068,0.409334,0.00799113,0.00664645,-0.450098,0.892918
1657911259.369583607,30.4088,-14.1542,0.412111,0.00911003,0.00631332,-0.455062,0.890391
1657911259.470202923,30.4727,-14.2429,0.404053,0.00759043,0.00500316,-0.461288,0.887204
1657911259.570157290,30.5362,-14.3285,0.397851,0.00691424,0.00334412,-0.46662,0.884425
1657911259.670108318,30.6073,-14.4281,0.3974,0.00700855,0.00251348,-0.471067,0.882066
1657911259.770072460,30.6707,-14.5232,0.398243,0.00767262,0.00459045,-0.476516,0.87912
1657911259.870736122,30.7288,-14.6025,0.388204,0.00717295,0.00419073,-0.483205,0.875468
1657911259.970690489,30.7785,-14.6898,0.391121,0.00632653,0.00024053,-0.489187,0.872156
1657911260.073396683,30.8316,-14.7891,0.389812,0.00665439,-0.000808946,-0.494586,0.869103
1657911260.170529842,30.8929,-14.8933,0.38596,0.00704678,-0.000526973,-0.500868,0.865495
1657911260.270473480,30.9457,-14.9958,0.382318,0.00689081,-0.000339324,-0.507915,0.86138
1657911260.369756699,31.0075,-15.0883,0.38267,0.00921678,0.00227072,-0.514562,0.857401
1657911260.469729900,31.0596,-15.1949,0.37331,0.0093972,0.00212441,-0.521048,0.853473
1657911260.569663048,31.1003,-15.2955,0.361018,0.00801871,7.04238e-05,-0.527951,0.849237
1657911260.669629097,31.1529,-15.3976,0.370469,0.00749502,-0.000807593,-0.53493,0.844863
1657911260.770225525,31.2001,-15.4924,0.380297,0.00711686,0.00116398,-0.542909,0.839761
1657911260.870173931,31.2456,-15.5852,0.369958,0.00665066,0.00377931,-0.551026,0.834453
1657911260.972057819,31.2925,-15.6831,0.370069,0.0052727,0.00472997,-0.559246,0.828972
1657911261.070088387,31.3363,-15.7912,0.37215,0.0040803,0.00634293,-0.566755,0.823852
1657911261.170067072,31.3711,-15.8949,0.35742,0.00455799,0.00798052,-0.573898,0.818875
1657911261.270036221,31.4196,-16.0059,0.349354,0.00500523,0.0062395,-0.581572,0.813456
1657911261.370012522,31.4465,-16.1191,0.341548,0.00541321,0.00461944,-0.58944,0.807781
1657911261.470000267,31.4931,-16.2283,0.355246,0.00611272,0.00425322,-0.598213,0.801302
1657911261.570502281,31.5309,-16.33,0.357977,0.00422866,0.00442203,-0.607814,0.794056
1657911261.670455933,31.5557,-16.4407,0.348653,0.00260775,0.00430366,-0.616271,0.787518
1657911261.770400047,31.5811,-16.5471,0.336863,0.00194278,0.00473803,-0.624129,0.781305
1657911261.870346069,31.5931,-16.6537,0.328402,0.00102416,0.00653274,-0.632595,0.774454
1657911261.970326900,31.6072,-16.753,0.322186,0.0020797,0.00590764,-0.641019,0.7675
1657911262.070250988,31.6309,-16.8613,0.311879,0.00161214,0.00529267,-0.649314,0.760501
1657911262.170207024,31.6544,-16.9893,0.305165,0.00206555,0.00582256,-0.658135,0.752874
